Id,MSZoning,Neighborhood,Street,LotArea,OverallQual,OverallCond,YearBuilt,GrLivArea,BedroomAbvGr,FullBath,TotRmsAbvGrd,GarageCars,GarageArea,SaleCondition,SalePrice
1,RL,CollgCr,Pave,8450,7,5,2003,1710,3,2,8,2,548,Normal,208500
2,RL,Veenker,Pave,9600,6,8,1976,1262,3,2,6,2,460,Normal,181500
3,RL,CollgCr,Pave,11250,7,5,2001,1786,3,2,6,2,608,Normal,223500
4,RL,Crawfor,Pave,9550,7,5,1915,1717,3,1,7,3,642,Abnorml,140000
5,RL,NoRidge,Pave,14260,8,5,2000,2198,4,2,9,3,836,Normal,250000
6,RL,Mitchel,Pave,14115,5,5,1993,1362,1,1,5,2,480,Normal,143000
7,RL,Somerst,Pave,10084,8,5,2004,1694,3,2,7,2,636,Normal,307000
8,RL,NWAmes,Pave,10382,7,6,1973,2090,3,2,7,2,484,Normal,200000
9,RM,OldTown,Pave,6120,7,5,1931,1774,2,2,8,2,468,Abnorml,129900
10,RL,BrkSide,Pave,7420,5,6,1939,1077,2,1,5,1,205,Normal,118000
11,RL,Sawyer,Pave,11200,5,5,1965,1040,3,1,5,1,384,Normal,129500
13,RL,Sawyer,Pave,12968,5,6,1962,912,2,1,4,1,352,Normal,144000
14,RL,CollgCr,Pave,10652,7,5,2006,1494,3,2,7,3,840,Partial,279500
15,RL,NAmes,Pave,10920,6,5,1960,1253,2,1,5,1,352,Normal,157000
16,RM,BrkSide,Pave,6120,7,8,1929,854,2,1,5,2,576,Normal,132000
17,RL,NAmes,Pave,11241,6,7,1970,1004,2,1,5,2,480,Normal,149000
18,RL,Sawyer,Pave,10791,4,5,1967,1296,2,2,6,2,516,Normal,90000
19,RL,SawyerW,Pave,13695,5,5,2004,1114,3,1,6,2,576,Normal,159000
20,RL,NAmes,Pave,7560,5,6,1958,1339,3,1,6,1,294,Abnorml,139000
22,RM,IDOTRR,Pave,7449,7,7,1930,1108,3,1,6,1,280,Normal,139400
23,RL,CollgCr,Pave,9742,8,5,2002,1795,3,2,7,2,534,Normal,230000
24,RM,MeadowV,Pave,4224,5,7,1976,1060,3,1,6,2,572,Normal,129900
25,RL,Sawyer,Pave,8246,5,8,1968,1060,3,1,6,1,270,Normal,154000
26,RL,NridgHt,Pave,14230,8,5,2007,1600,3,2,7,3,890,Normal,256300
27,RL,NAmes,Pave,7200,5,7,1951,900,3,1,5,2,576,Normal,134800
28,RL,NridgHt,Pave,11478,8,5,2007,1704,3,2,7,3,772,Normal,306000
29,RL,NAmes,Pave,16321,5,6,1957,1600,2,1,6,1,319,Normal,207500
30,RM,BrkSide,Pave,6324,4,6,1927,520,1,1,4,1,240,Normal,68500
31,C (all),IDOTRR,Pave,8500,4,4,1920,1317,3,1,6,1,250,Normal,40000
32,RL,Sawyer,Pave,8544,5,6,1966,1228,3,1,6,1,271,Normal,149350
33,RL,CollgCr,Pave,11049,8,5,2007,1234,3,2,7,2,484,Normal,179900
34,RL,NAmes,Pave,10552,5,5,1959,1700,4,1,6,2,447,Normal,165500
35,RL,NridgHt,Pave,7313,9,5,2005,1561,2,2,6,2,556,Normal,277500
36,RL,NridgHt,Pave,13418,8,5,2004,2452,4,3,9,3,691,Normal,309000
37,RL,CollgCr,Pave,10859,5,5,1994,1097,3,1,6,2,672,Normal,145000
38,RL,NAmes,Pave,8532,5,6,1954,1297,3,1,5,2,498,Normal,153000
39,RL,NAmes,Pave,7922,5,7,1953,1057,3,1,5,1,246,Abnorml,109000
40,RL,Edwards,Pave,6040,4,5,1955,1152,2,2,6,0,0,AdjLand,82000
41,RL,NAmes,Pave,8658,6,5,1965,1324,3,2,6,2,440,Abnorml,160000
42,RL,Timber,Pave,16905,5,6,1959,1328,2,1,5,1,308,Normal,170000
43,RL,SawyerW,Pave,9180,5,7,1983,884,2,1,5,2,504,Normal,144000
44,RL,CollgCr,Pave,9200,5,6,1975,938,3,1,5,1,308,Normal,130250
45,RL,NAmes,Pave,7945,5,6,1959,1150,3,1,6,1,300,Normal,141000
47,RL,Mitchel,Pave,12822,7,5,2003,2149,1,1,6,2,670,Abnorml,239686
48,FV,Somerst,Pave,11096,8,5,2006,1656,3,2,7,3,826,Normal,249700
49,RM,OldTown,Pave,4456,4,5,1920,1452,2,2,8,0,0,Partial,113000
50,RL,Sawyer,Pave,7742,5,7,1966,955,3,1,6,1,386,Normal,127000
51,RL,Gilbert,Pave,13869,6,6,1997,1470,3,2,6,2,388,Normal,177000
52,RM,BrkSide,Pave,6240,6,6,1934,1176,3,1,6,2,528,Normal,114500
53,RM,IDOTRR,Grvl,8472,5,5,1963,816,2,1,5,2,516,Normal,110000
55,RL,NAmes,Pave,7134,5,5,1955,1360,3,1,6,2,572,Normal,130000
56,RL,NAmes,Pave,10175,6,5,1964,1425,3,2,7,2,576,Normal,180500
57,FV,Somerst,Pave,2645,8,5,1999,1739,3,2,7,2,480,Abnorml,172500
58,RL,CollgCr,Pave,11645,7,5,2004,1720,3,2,7,2,565,Normal,196500
60,RL,CollgCr,Pave,7200,5,7,1972,780,2,1,4,1,352,Normal,124900
61,RL,SawyerW,Pave,13072,6,5,2004,1158,3,1,5,2,576,Partial,158000
62,RM,IDOTRR,Pave,7200,5,7,1920,1111,3,1,6,1,288,Normal,101000
63,RL,NridgHt,Pave,6442,8,5,2006,1370,2,2,6,2,484,Normal,202500
64,RM,OldTown,Pave,10300,7,6,1921,1710,3,2,9,2,480,Normal,140000
65,RL,CollgCr,Pave,9375,7,5,1997,2034,3,2,8,2,645,Normal,219500
66,RL,NridgHt,Pave,9591,8,5,2004,2473,4,2,9,3,852,Normal,317000
68,RL,CollgCr,Pave,10665,7,5,2003,1479,3,2,7,2,558,Normal,226000
69,RM,OldTown,Pave,4608,4,6,1945,747,2,1,4,1,220,Normal,80000
70,RL,ClearCr,Pave,15593,7,4,1953,2287,3,2,7,2,667,Normal,225000
71,RL,NAmes,Pave,13651,7,6,1973,2223,3,2,8,2,516,Normal,244000
72,RL,Mitchel,Pave,7599,4,6,1982,845,2,1,4,2,360,Normal,129500
73,RL,Gilbert,Pave,10141,7,5,1998,1718,3,2,7,2,427,Normal,185000
74,RL,NAmes,Pave,10200,5,7,1954,1086,3,1,6,2,490,Normal,144900
75,RM,OldTown,Pave,5790,3,6,1915,1605,3,2,8,1,379,Normal,107400
76,RM,MeadowV,Pave,1596,4,5,1973,988,2,1,5,1,297,Normal,91000
77,RL,NAmes,Pave,8475,4,7,1956,952,2,1,4,1,283,Normal,135750
78,RM,BrkSide,Pave,8635,5,5,1948,1285,2,1,6,1,240,Normal,127000
79,RL,Sawyer,Pave,10778,4,5,1968,1768,4,2,8,0,0,Normal,136500
80,RM,OldTown,Pave,10440,5,6,1910,1230,2,1,5,2,440,Normal,110000
81,RL,NAmes,Pave,13000,6,6,1968,2142,4,2,8,1,509,Normal,193500
82,RM,Mitchel,Pave,4500,6,5,1998,1337,2,2,5,2,405,Normal,153500
83,RL,Somerst,Pave,10206,8,5,2007,1563,3,2,6,3,758,Normal,245000
84,RL,NAmes,Pave,8892,5,5,1960,1065,3,1,6,2,461,Normal,126500
85,RL,Gilbert,Pave,8530,7,5,1995,1474,3,2,7,2,400,Normal,168500
86,RL,NoRidge,Pave,16059,8,5,1991,2417,4,2,9,2,462,Normal,260000
87,RL,Gilbert,Pave,11911,6,5,2005,1560,3,2,6,2,400,Normal,174000
88,FV,Somerst,Pave,3951,6,5,2009,1224,2,2,4,2,528,Partial,164500
89,C (all),IDOTRR,Pave,8470,3,2,1915,1526,2,1,6,0,0,Abnorml,85000
90,RL,CollgCr,Pave,8070,4,5,1994,990,3,1,5,0,0,Normal,123600
91,RL,NAmes,Pave,7200,4,5,1950,1040,2,1,4,2,420,Normal,109900
92,RL,NAmes,Pave,8500,5,3,1961,1235,2,1,6,2,480,Abnorml,98600
93,RL,Crawfor,Pave,13360,5,7,1921,964,2,1,5,2,432,Normal,163500
94,C (all),OldTown,Pave,7200,6,6,1910,2291,4,2,9,2,506,Normal,133900
95,RL,CollgCr,Pave,9337,6,5,1997,1786,3,2,7,2,684,Normal,204750
96,RL,Gilbert,Pave,9765,6,8,1993,1470,3,2,6,2,420,Normal,185000
97,RL,CollgCr,Pave,10264,7,5,1999,1588,3,2,6,2,472,Normal,214000
98,RL,Edwards,Pave,10921,4,5,1965,960,3,1,6,1,432,Normal,94750
99,RL,Edwards,Pave,10625,5,5,1920,835,2,1,5,1,366,Abnorml,83000
100,RL,NAmes,Pave,9320,4,5,1959,1225,3,1,6,0,0,Normal,128950
101,RL,NWAmes,Pave,10603,6,7,1977,1610,3,2,6,2,480,Normal,205000
102,RL,SawyerW,Pave,9206,6,5,1985,1732,3,2,7,2,476,Normal,178000
103,RL,SawyerW,Pave,7018,5,5,1979,1535,4,2,8,2,410,Alloca,118964
104,RL,CollgCr,Pave,10402,7,5,2009,1226,3,2,6,3,740,Normal,198900
105,RM,IDOTRR,Pave,7758,7,4,1931,1818,4,1,7,1,240,Normal,169500
106,FV,Somerst,Pave,9375,8,5,2003,1992,3,2,9,2,648,Normal,250000
107,RM,OldTown,Pave,10800,4,7,1885,1047,2,1,6,1,273,Normal,100000
108,RM,OldTown,Pave,6000,5,5,1948,789,2,1,5,1,250,Partial,115000
109,RM,IDOTRR,Pave,8500,5,7,1919,1517,3,2,7,0,0,Normal,115000
110,RL,NWAmes,Pave,11751,6,6,1977,1844,3,2,7,2,546,Normal,190000
111,RL,Edwards,Pave,9525,6,4,1954,1855,4,2,7,1,325,Normal,136900
112,RL,Gilbert,Pave,7750,7,5,2000,1430,3,2,7,2,400,Normal,180000
115,RL,Crawfor,Pave,7259,6,8,1945,2320,3,2,9,1,180,Normal,259500
116,FV,Somerst,Pave,3230,6,5,1999,1458,2,2,5,2,440,Normal,176000
117,RL,Sawyer,Pave,11616,5,5,1962,1092,3,1,6,1,288,Normal,139000
118,RL,Edwards,Pave,8536,5,5,2006,1125,2,1,5,2,430,Partial,155000
120,RL,CollgCr,Pave,8461,6,5,2005,1456,3,2,8,2,390,Partial,163990
122,RM,IDOTRR,Pave,6060,4,5,1939,1123,3,1,4,1,264,Normal,100000
123,RL,NAmes,Pave,9464,6,7,1958,1080,3,1,5,1,288,Normal,136000
124,RL,SawyerW,Pave,7892,6,5,1993,1199,2,2,5,2,530,Normal,153900
125,RL,NWAmes,Pave,17043,6,5,1979,1586,3,2,7,2,435,Normal,181000
126,RM,IDOTRR,Pave,6780,6,8,1935,754,2,1,5,0,0,Normal,84500
127,RL,NPkVill,Pave,4928,6,5,1976,958,2,2,5,2,440,Normal,128000
128,RM,OldTown,Pave,4388,5,7,1930,840,3,1,5,0,0,Normal,87000
129,RL,NAmes,Pave,7590,6,5,1966,1348,3,1,6,2,453,Normal,155000
130,RL,NAmes,Pave,8973,5,7,1958,1053,3,1,6,2,750,Abnorml,150000
131,RL,NAmes,Pave,14200,7,6,1966,2157,4,2,8,2,487,Normal,226000
132,RL,Gilbert,Pave,12224,6,5,2000,2054,3,2,7,2,390,Normal,244000
133,RL,NAmes,Pave,7388,5,6,1959,1327,3,1,7,2,624,Normal,150750
134,RL,Timber,Pave,6853,8,5,2001,1296,2,2,6,2,471,Normal,220000
135,RL,Sawyer,Pave,10335,5,6,1968,1721,3,2,7,2,440,Normal,180000
136,RL,NWAmes,Pave,10400,7,6,1970,1682,3,2,7,2,530,Normal,174000
137,RL,NAmes,Pave,10355,5,5,1967,1214,3,2,5,1,318,Normal,143000
138,RL,Mitchel,Pave,11070,7,5,1988,1959,5,3,9,3,766,Family,171000
139,RL,CollgCr,Pave,9066,8,5,1999,1852,3,2,7,3,660,Normal,230000
140,RL,CollgCr,Pave,15426,6,5,1997,1764,3,2,7,2,470,Normal,231500
141,RL,NAmes,Pave,10500,4,5,1971,864,3,1,5,0,0,Normal,115000
142,RL,CollgCr,Pave,11645,7,5,2005,1734,3,2,7,2,660,Normal,260000
143,RL,NAmes,Pave,8520,5,4,1952,1385,4,2,6,2,720,Normal,166000
144,RL,CollgCr,Pave,10335,7,5,1999,1501,3,2,6,2,577,Normal,204000
145,RM,Sawyer,Pave,9100,5,5,1963,1728,6,2,10,2,504,Abnorml,125000
146,RM,Edwards,Pave,2522,6,5,2004,1709,3,2,7,2,380,Normal,130000
147,RM,BrkSide,Pave,6120,5,7,1931,875,2,1,5,1,180,Normal,105000
148,RL,Gilbert,Pave,9505,7,5,2001,2035,3,2,8,2,434,Normal,222500
149,RL,SawyerW,Pave,7500,7,5,2004,1080,3,1,6,0,0,Normal,141000
150,RM,BrkSide,Pave,6240,5,4,1936,1344,3,1,7,1,240,Normal,115000
151,RL,CollgCr,Pave,10356,5,6,1975,969,3,1,5,2,440,Normal,122000
153,RL,NWAmes,Pave,14803,6,5,1971,1993,4,2,8,2,495,Normal,190000
154,RL,ClearCr,Pave,13500,6,7,1960,1252,1,1,4,2,564,Normal,235000
155,RM,OldTown,Pave,11340,6,5,1923,1200,4,1,7,1,312,Family,125000
156,RL,Edwards,Pave,9600,6,5,1924,1096,2,1,5,0,0,Normal,79000
157,RL,NAmes,Pave,7200,5,7,1950,1040,2,1,5,2,625,Normal,109500
158,RL,Timber,Pave,12003,8,5,2009,1968,4,2,8,3,680,Partial,269500
159,FV,Somerst,Pave,12552,7,5,2004,1947,3,2,8,2,678,Normal,254900
161,RL,Veenker,Pave,11120,6,6,1984,1232,3,2,6,2,516,Normal,162500
163,RL,NridgHt,Pave,12182,7,5,2005,1541,3,2,7,2,532,Partial,220000
164,RL,OldTown,Pave,5500,4,6,1956,882,1,1,4,0,0,Normal,103200
165,RM,OldTown,Pave,5400,6,7,1926,1616,3,2,5,1,216,Normal,152000
166,RL,Edwards,Pave,10106,5,7,1940,1355,4,2,6,0,0,Normal,127500
167,RL,ClearCr,Pave,10708,5,5,1955,1867,2,1,7,1,303,Normal,190000
169,RL,Gilbert,Pave,8244,7,5,2004,1720,3,2,7,2,440,Normal,183500
170,RL,Timber,Pave,16669,8,6,1981,1707,2,2,6,2,511,Normal,228000
171,RM,OldTown,Pave,12358,5,6,1941,1382,2,1,7,2,660,Normal,128500
173,RL,StoneBr,Pave,5306,7,7,1987,1767,2,2,5,2,504,Normal,239000
174,RL,NAmes,Pave,10197,6,5,1961,1362,3,1,6,2,504,Normal,163000
175,RL,Timber,Pave,12416,6,5,1986,1651,3,2,7,2,616,Normal,184000
176,RL,Edwards,Pave,12615,6,7,1950,2158,4,2,7,2,576,Normal,243000
177,RL,ClearCr,Pave,10029,6,5,1988,2060,4,2,8,2,521,Normal,211000
178,RL,Sawyer,Pave,13650,5,5,1958,1920,4,2,8,2,451,Normal,172500
180,RM,OldTown,Pave,8520,5,6,1923,968,2,1,5,2,480,Normal,100000
181,FV,Somerst,Pave,2117,6,5,2000,1525,3,2,5,2,440,Normal,177000
182,RL,Crawfor,Pave,7588,7,6,1920,1802,4,1,9,1,216,Normal,200100
183,RL,Edwards,Pave,9060,5,6,1957,1340,3,1,7,1,252,Normal,120000
184,RM,OldTown,Pave,11426,7,5,2003,2082,3,2,6,2,484,Normal,200000
185,RL,BrkSide,Pave,7438,5,8,1908,1252,3,1,5,2,576,Normal,127000
187,RL,Mitchel,Pave,9947,7,5,1990,1217,3,2,6,2,497,Normal,173000
188,RL,OldTown,Pave,10410,5,7,1916,1656,3,2,8,1,180,Normal,135000
189,RL,SawyerW,Pave,7018,5,5,1979,1224,2,0,6,2,528,Alloca,153337
190,RL,StoneBr,Pave,4923,8,5,2001,1593,0,1,5,2,682,Normal,286000
192,RL,NAmes,Pave,7472,7,9,1972,1479,4,1,7,2,484,Normal,184000
193,RL,CollgCr,Pave,9017,7,5,1999,1431,3,2,6,2,666,Normal,192000
194,RM,Edwards,Pave,2522,7,5,2004,1709,3,2,7,2,380,Normal,130000
195,RL,CollgCr,Pave,7180,5,7,1972,864,3,1,5,1,352,Normal,127000
196,RL,NPkVill,Pave,2280,6,6,1976,1456,3,2,7,2,440,Normal,148500
197,RL,Somerst,Pave,9416,7,5,2007,1726,3,2,8,3,786,Partial,311872
199,RM,OldTown,Pave,5520,6,6,1912,2229,5,1,8,0,0,Abnorml,104000
200,RL,NridgHt,Pave,9591,8,5,2004,1713,3,2,7,3,856,Normal,274900
201,RM,Edwards,Pave,8546,4,5,2003,1121,2,2,5,2,440,Normal,140000
202,RL,Mitchel,Pave,10125,6,6,1977,1279,3,2,6,2,473,Normal,171500
203,RL,OldTown,Pave,7000,6,6,1924,1310,2,2,6,1,398,Normal,112000
204,RM,CollgCr,Pave,4438,6,5,2004,848,1,1,3,2,420,Normal,149000
205,RM,OldTown,Pave,3500,5,7,1947,1284,2,1,5,1,240,Normal,110000
206,RL,Gilbert,Pave,11851,7,5,1990,1442,3,2,5,2,500,Normal,180500
207,RL,Sawyer,Pave,13673,5,5,1962,1696,3,1,8,1,349,Normal,143900
208,RL,NAmes,Pave,12493,4,5,1960,1100,3,1,6,1,312,Normal,141000
209,RL,SawyerW,Pave,14364,7,5,1988,2062,3,2,7,2,454,Normal,277000
210,RL,NAmes,Pave,8250,6,7,1964,1092,3,1,6,2,504,Normal,145000
211,RL,Edwards,Pave,5604,5,6,1925,864,2,1,5,0,0,Normal,98000
212,RL,Edwards,Pave,10420,6,5,2009,1212,3,2,6,2,460,Normal,186000
213,FV,Somerst,Pave,8640,7,5,2009,1852,3,2,7,2,644,Partial,252678
214,RL,CollgCr,Pave,13568,5,5,1995,990,3,1,5,2,576,Normal,156000
215,RL,CollgCr,Pave,10900,6,7,1977,1392,3,1,6,1,299,Normal,161750
216,RL,NAmes,Pave,10011,5,6,1957,1236,2,1,6,1,447,Normal,134450
217,RL,CollgCr,Pave,8450,7,5,2004,1436,3,2,8,2,484,Normal,210000
218,RM,OldTown,Pave,9906,4,4,1925,1328,3,1,8,1,210,Family,107000
219,RL,Crawfor,Pave,15660,7,9,1939,1954,3,1,8,2,431,Normal,311500
220,RL,Blmngtn,Pave,3010,7,5,2005,1248,2,2,5,2,438,Partial,167240
221,RL,CollgCr,Pave,8990,7,5,2006,1498,2,2,5,2,675,Partial,204900
222,RL,Gilbert,Pave,8068,6,5,2002,2267,4,2,8,2,390,Normal,200000
223,RL,NWAmes,Pave,11475,6,6,1975,1552,3,2,6,2,434,Normal,179900
224,RL,NAmes,Pave,10500,4,6,1971,864,2,1,4,2,576,Abnorml,97000
226,RM,BrDale,Pave,1680,5,5,1971,1302,3,2,6,1,280,Abnorml,112000
227,RL,NoRidge,Pave,9950,7,5,1995,2520,4,2,9,3,721,Abnorml,290000
228,RM,BrDale,Pave,1869,6,6,1970,987,2,1,5,1,280,Normal,106000
229,RL,Sawyer,Pave,8521,5,5,1967,912,3,1,5,1,336,Normal,125000
230,RL,Blmngtn,Pave,3182,7,5,2005,1555,2,2,7,2,430,Normal,192500
231,RL,NAmes,Pave,8760,6,6,1959,1194,3,1,6,1,312,Normal,148000
233,RM,BrDale,Pave,1680,6,5,1972,987,2,1,5,1,288,Normal,94500
234,RL,CollgCr,Pave,10650,5,6,1976,894,3,1,5,1,308,Normal,128200
235,RL,Gilbert,Pave,7851,6,5,2002,1960,4,2,8,2,440,Normal,216500
236,RM,BrDale,Pave,1680,6,3,1971,987,2,1,5,1,264,Normal,89500
237,RL,CollgCr,Pave,8773,7,5,2004,1414,3,2,6,2,494,Normal,185500
238,RL,SawyerW,Pave,9453,7,7,1993,1744,3,2,7,2,457,Normal,194500
239,RL,NridgHt,Pave,12030,8,5,2007,1694,3,2,7,3,818,Partial,318000
240,RL,Edwards,Pave,8741,6,4,1945,1487,3,1,7,1,220,Normal,113000
241,FV,Somerst,Pave,9000,8,5,2008,1566,3,2,7,2,750,Normal,262500
242,RM,OldTown,Pave,3880,5,9,1945,866,2,1,4,0,0,Normal,110500
243,RM,OldTown,Pave,5000,5,4,1900,1440,3,1,6,1,352,Normal,79000
244,RL,SawyerW,Pave,10762,6,6,1980,1217,3,1,6,1,288,Normal,120000
245,RL,SawyerW,Pave,8880,7,5,1994,2110,3,2,8,2,463,Normal,205000
246,RL,NWAmes,Pave,10400,7,5,1988,1872,3,2,6,2,604,Normal,241500
247,RM,OldTown,Pave,9142,6,8,1910,1928,4,2,9,1,440,Normal,137000
248,RL,NAmes,Pave,11310,6,5,1954,1375,2,1,5,2,451,Normal,140000
249,RL,CollgCr,Pave,11317,7,5,2003,1668,3,2,8,2,500,Normal,180000
251,RL,BrkSide,Pave,5350,3,2,1940,1306,3,1,6,0,0,Normal,76500
252,RM,Crawfor,Pave,4750,8,5,2006,1625,2,2,5,2,538,Family,235000
253,RL,SawyerW,Pave,8366,6,5,2004,1640,3,2,6,2,520,Normal,173000
254,RL,NAmes,Pave,9350,6,7,1964,1302,3,2,7,1,309,Normal,158000
255,RL,NAmes,Pave,8400,5,6,1957,1314,3,1,5,1,294,Normal,145000
256,RL,Gilbert,Pave,8738,7,5,1999,2291,4,2,8,2,429,Normal,230000
257,FV,Somerst,Pave,8791,6,5,2003,1728,3,2,7,2,673,Normal,207500
258,RL,CollgCr,Pave,8814,7,5,2006,1604,3,2,8,2,660,Abnorml,220000
259,RL,CollgCr,Pave,12435,7,5,2001,1792,3,2,7,2,564,Normal,231500
260,RM,OldTown,Pave,12702,5,5,1956,882,2,1,4,1,308,Normal,97000
262,RL,CollgCr,Pave,9588,8,5,2007,2574,3,2,10,3,868,Partial,276000
263,RL,Sawyer,Pave,8471,6,7,1977,1212,3,1,6,2,492,Normal,151000
264,RM,OldTown,Pave,5500,5,7,1929,1316,3,1,6,2,484,Normal,130000
265,RM,OldTown,Pave,5232,5,5,1925,764,2,1,4,2,504,Normal,73000
266,RL,NWAmes,Pave,12090,6,6,1981,1422,3,2,7,2,576,Normal,175500
267,RL,Gilbert,Pave,11207,6,5,1997,1511,3,2,8,2,413,Normal,185000
268,RL,SWISU,Pave,8400,5,8,1939,2192,4,2,8,1,240,Normal,179500
269,RM,IDOTRR,Pave,6900,5,6,1940,778,2,1,4,1,924,Normal,120500
270,RL,Edwards,Pave,7917,6,7,1976,1113,3,1,6,1,504,Normal,148000
273,RL,NoRidge,Pave,11764,8,7,1999,2270,4,2,9,3,671,Normal,290000
274,RL,NAmes,Pave,9600,6,6,1958,1632,3,2,6,1,338,Normal,139000
275,RL,Mitchel,Pave,8314,5,7,1982,816,2,1,5,1,264,Normal,124500
276,RL,BrkSide,Pave,7264,7,7,1925,1548,3,2,5,2,672,Normal,205000
277,RL,Mitchel,Pave,9196,7,5,2003,1560,3,2,7,2,573,Normal,201000
280,RL,ClearCr,Pave,10005,7,5,1977,2022,4,2,8,2,505,Normal,192000
281,RL,SawyerW,Pave,11287,7,6,1989,1982,3,2,7,2,575,Normal,228500
282,FV,Somerst,Pave,7200,6,5,2006,1262,2,2,5,2,572,Partial,185000
283,RL,NridgHt,Pave,5063,7,5,2007,1314,2,2,6,2,626,Normal,207500
284,RL,Somerst,Pave,9612,8,5,2008,1468,3,2,6,3,898,Partial,244600
285,RL,SawyerW,Pave,8012,6,5,1992,1575,2,2,5,2,529,Normal,179200
286,FV,Somerst,Pave,4251,7,5,2006,1250,2,2,5,2,528,Partial,164700
287,RL,NAmes,Pave,9786,6,7,1962,1734,3,1,7,2,440,Normal,159000
288,RL,NAmes,Pave,8125,4,4,1971,858,3,1,5,0,0,Normal,88000
289,RL,Sawyer,Pave,9819,5,5,1967,900,3,1,5,1,280,Normal,122000
290,RL,BrkSide,Pave,8730,6,7,1915,1396,3,1,7,1,384,Normal,153575
291,RL,CollgCr,Pave,15611,8,5,2006,1919,3,2,8,2,685,Partial,233230
292,RL,SWISU,Pave,5687,5,6,1912,1716,6,2,9,0,0,Normal,135900
293,RL,Edwards,Pave,11409,5,4,1949,1716,3,1,8,1,281,Normal,131000
294,RL,NWAmes,Pave,16659,7,7,1977,2263,3,2,9,2,539,Normal,235000
295,RL,NAmes,Pave,9600,6,5,1953,1644,3,1,7,2,418,Normal,167000
296,RL,Mitchel,Pave,7937,6,6,1984,1003,3,1,6,2,588,Normal,142500
297,RM,IDOTRR,Pave,13710,5,5,1950,1558,4,1,6,1,282,Normal,152000
298,FV,Somerst,Pave,7399,7,5,1997,1950,3,2,7,2,576,Normal,239000
299,RL,NWAmes,Pave,11700,6,6,1968,1743,3,1,7,2,539,Normal,175000
300,RL,Crawfor,Pave,14000,6,8,1950,1152,3,1,6,1,300,Family,158500
301,RL,Crawfor,Pave,15750,5,5,1953,1336,2,1,5,1,375,Normal,157000
302,RL,CollgCr,Pave,16226,8,5,1998,2452,4,2,9,2,683,Normal,267000
303,RL,CollgCr,Pave,13704,7,5,2001,1541,3,2,6,3,843,Normal,205000
304,RL,CollgCr,Pave,9800,5,7,1972,894,3,1,5,2,552,Abnorml,149900
306,RL,CollgCr,Pave,10386,8,5,2004,2000,3,2,8,3,888,Normal,305900
307,RL,SawyerW,Pave,13474,7,5,1990,2243,4,2,8,3,746,Normal,225000
308,RM,IDOTRR,Pave,7920,6,7,1920,1406,3,1,6,0,0,Normal,89500
309,RL,Edwards,Pave,12342,4,5,1940,861,1,1,4,2,539,Normal,82500
311,RL,Gilbert,Pave,7685,6,5,1993,1501,3,2,6,2,420,Normal,165600
312,RL,NAmes,Pave,8000,6,6,1948,972,2,1,5,1,240,Normal,132000
313,RM,OldTown,Pave,7800,5,7,1939,1118,3,1,5,2,410,Normal,119900
315,RM,OldTown,Pave,9600,7,7,1925,1641,3,1,6,2,546,Normal,178000
316,RL,Gilbert,Pave,7795,7,5,2004,1432,3,2,6,2,432,Normal,188500
317,RL,NWAmes,Pave,13005,7,7,1980,2353,4,2,10,2,484,Normal,260000
319,RL,NoRidge,Pave,9900,7,5,1993,2646,4,2,9,3,656,Normal,260000
320,RL,NWAmes,Pave,14115,7,5,1980,1472,3,2,6,2,588,Normal,187500
324,RM,OldTown,Pave,5820,3,8,1955,1163,3,1,6,1,220,Normal,126175
326,RM,IDOTRR,Pave,5000,5,6,1941,803,2,1,5,2,360,Normal,87000
328,RL,NAmes,Pave,11600,6,5,1960,1383,3,1,7,1,292,Normal,145250
329,RL,BrkSide,Pave,11888,6,6,1916,2134,5,2,10,2,441,Normal,214500
330,RM,IDOTRR,Pave,6402,5,5,1920,1192,3,1,6,1,189,Normal,78000
331,RL,NAmes,Pave,10624,5,4,1964,1728,6,2,10,1,352,Normal,119000
332,RL,NAmes,Pave,8176,5,6,1958,1056,3,1,6,1,308,Normal,139000
333,RL,NridgHt,Pave,10655,8,5,2003,1629,3,2,7,3,880,Normal,284000
334,RM,NridgHt,Pave,8198,7,5,2004,1358,2,2,6,2,484,Normal,207000
335,RL,Gilbert,Pave,9042,6,5,1998,1638,3,2,7,2,472,Normal,192000
338,RL,CollgCr,Pave,9135,7,5,2002,1536,3,2,7,2,532,Normal,214000
339,RL,NWAmes,Pave,14145,7,7,1984,1621,3,2,8,2,440,Normal,202500
340,RL,NAmes,Pave,12400,6,7,1958,1215,3,1,6,1,297,Normal,155000
341,RL,Timber,Pave,14191,8,5,2002,1908,4,2,9,2,431,Normal,202900
342,RH,SawyerW,Pave,8400,4,4,1950,841,2,1,4,1,294,Normal,82000
343,RL,NAmes,Pave,8544,3,4,1949,1040,2,2,6,2,400,Normal,87500
344,RL,NridgHt,Pave,8849,9,5,2005,1684,2,2,6,2,564,Normal,266000
345,RM,MeadowV,Pave,2592,5,3,1976,1112,3,1,4,1,336,Normal,85000
346,RL,BrkSide,Pave,6435,6,5,1939,1577,3,1,6,1,312,Normal,140200
347,RL,NAmes,Pave,12772,6,8,1960,958,2,1,5,1,301,Normal,151500
348,RL,NAmes,Pave,17600,6,5,1960,1478,3,2,6,2,498,Normal,157500
349,RL,NridgHt,Pave,2448,7,5,2003,1626,2,2,6,2,474,Normal,154000
351,RL,NridgHt,Pave,7820,9,5,2007,1869,2,2,6,2,617,Partial,318061
352,RL,ClearCr,Pave,5271,7,5,1986,1453,2,1,6,2,445,Abnorml,190000
353,RL,Edwards,Pave,9084,5,6,1941,1111,3,1,5,1,200,Normal,95000
354,RM,OldTown,Pave,8520,6,8,1928,720,2,1,5,2,484,Normal,105900
355,RL,SWISU,Pave,8400,6,5,1940,1595,2,1,6,1,240,Normal,140000
356,RL,CollgCr,Pave,11249,6,5,1995,1200,3,2,6,2,521,Normal,177500
357,RL,Gilbert,Pave,9248,6,6,1992,1167,3,2,6,2,400,Normal,173000
358,RM,MeadowV,Pave,4224,5,5,1976,1142,3,1,6,2,528,Normal,134000
359,RL,ClearCr,Pave,6930,5,4,1958,1352,3,1,6,1,288,Abnorml,130000
360,RL,NoRidge,Pave,12011,8,5,1998,1924,3,2,7,2,592,Normal,280000
361,RL,Mitchel,Pave,7540,6,6,1978,912,2,1,5,2,470,Normal,156000
362,RL,BrkSide,Pave,9144,5,5,1940,1505,3,1,8,1,240,Normal,145000
363,RL,Edwards,Pave,7301,7,5,2003,1922,4,3,7,2,672,Normal,198500
364,RM,BrDale,Pave,1680,6,8,1972,987,2,1,5,1,264,Normal,118000
366,RM,IDOTRR,Pave,10690,5,7,1920,1344,3,1,6,1,468,Normal,147000
367,RL,NAmes,Pave,9500,6,5,1963,1394,3,1,6,2,514,Normal,159000
368,RL,NAmes,Pave,9150,6,5,1962,1431,3,1,6,1,296,Normal,165000
369,RL,NAmes,Pave,7800,5,6,1954,1268,2,1,7,1,244,Normal,132000
370,RL,NAmes,Pave,9830,5,7,1959,1287,3,1,7,2,576,Normal,162000
371,RL,Gilbert,Pave,8121,6,5,2000,1664,3,2,7,2,460,Normal,172400
372,RL,ClearCr,Pave,17120,4,4,1959,1588,4,2,7,2,680,Normal,134432
373,RL,SawyerW,Pave,7175,6,5,1984,752,2,1,4,1,264,Normal,125000
374,RL,NAmes,Pave,10634,5,6,1953,1319,3,1,5,1,270,Normal,123000
375,RL,CollgCr,Pave,8200,7,5,2003,1928,4,2,8,2,434,Normal,219500
376,RL,Edwards,Pave,10020,1,1,1922,904,1,0,4,0,0,Normal,61000
377,RL,CollgCr,Pave,8846,5,5,1996,914,2,1,5,2,576,Normal,148000
380,RL,Gilbert,Pave,8123,6,5,2000,1800,3,2,7,2,463,Normal,179000
381,RL,SWISU,Pave,5000,5,6,1924,1691,3,2,6,1,308,Normal,127000
382,FV,Somerst,Pave,7200,7,5,2006,1301,2,2,5,2,572,Partial,187750
383,RL,CollgCr,Pave,9245,7,5,2006,1797,3,2,8,2,639,Normal,213500
384,RH,SawyerW,Pave,9000,6,3,1928,784,2,1,5,2,360,Normal,76000
386,RL,Blmngtn,Pave,3182,8,5,2004,1269,2,2,6,2,430,Normal,192000
387,RL,Edwards,Pave,8410,5,3,1910,1184,5,1,8,0,0,AdjLand,81000
388,RL,Edwards,Pave,7200,6,6,1976,1125,3,1,6,1,352,Abnorml,125000
389,RL,CollgCr,Pave,9382,7,5,1999,1479,3,2,6,2,577,Normal,191000
391,RL,Edwards,Pave,8405,5,8,1900,1367,4,1,7,1,384,Normal,119000
392,RL,Mitchel,Pave,12209,6,5,2001,1961,3,2,7,2,560,Normal,215000
393,RL,NAmes,Pave,8339,5,7,1959,882,3,1,5,1,294,Normal,106500
394,RL,BrkSide,Pave,7446,4,5,1941,788,2,1,4,0,0,Abnorml,100000
395,RL,OldTown,Pave,10134,5,6,1940,1034,2,1,5,1,240,Normal,109000
396,RL,Edwards,Pave,9571,5,6,1956,1144,3,1,6,1,596,Normal,129000
397,RL,CollgCr,Pave,7200,5,5,1972,894,2,1,6,2,600,Normal,123000
398,RL,NAmes,Pave,7590,5,5,1962,1812,4,2,8,1,264,Normal,169500
399,RM,IDOTRR,Pave,8967,5,2,1920,1077,2,1,6,1,338,Abnorml,67000
400,FV,Somerst,Pave,8125,7,5,2006,1550,2,2,7,2,438,Normal,241000
401,RL,Veenker,Pave,14963,8,5,1996,1288,1,1,4,2,500,Normal,245500
402,RL,CollgCr,Pave,8767,7,5,2005,1310,3,2,6,2,400,Partial,164990
403,RL,Sawyer,Pave,10200,5,8,1940,672,2,1,4,1,240,Normal,108000
404,RL,NoRidge,Pave,12090,8,5,1998,2263,4,2,10,2,420,Abnorml,258000
405,RL,Gilbert,Pave,10364,6,5,1995,1572,3,2,7,2,373,Normal,168000
406,RL,Sawyer,Pave,9991,4,4,1976,1620,3,2,8,2,490,Normal,150000
407,RL,SWISU,Pave,10480,6,5,1936,1639,3,1,6,1,240,Normal,115000
408,RL,Crawfor,Pave,15576,6,7,1915,1680,4,2,8,1,308,Normal,177000
409,RL,NridgHt,Pave,14154,7,5,2006,2172,3,2,9,3,947,Partial,280000
411,RL,Edwards,Pave,9571,5,3,1958,1276,3,1,5,1,350,Abnorml,60000
413,FV,Somerst,Pave,4403,7,5,2009,1478,2,2,7,2,484,Partial,222000
414,RM,OldTown,Pave,8960,5,6,1927,1028,2,1,5,2,360,Normal,115000
415,RL,SawyerW,Pave,11228,7,5,1993,2097,3,2,9,3,678,Normal,228000
416,RL,Gilbert,Pave,8899,7,5,2007,1340,3,2,6,2,396,Partial,181134
417,RL,Sawyer,Pave,7844,6,7,1978,1400,3,1,6,2,440,Normal,149500
419,RL,Edwards,Pave,8160,5,6,1940,1134,3,1,7,1,240,AdjLand,126000
420,RL,NAmes,Pave,8450,5,6,1968,1056,3,1,6,1,304,Normal,142000
421,RM,Mitchel,Pave,7060,7,5,1997,1344,2,2,8,4,784,Alloca,206300
422,RL,NWAmes,Pave,16635,6,7,1977,1602,3,2,8,2,529,Normal,215000
424,RL,NoRidge,Pave,9200,8,5,1998,2630,4,2,8,3,696,Normal,315000
425,RL,NAmes,Pave,9000,6,5,1956,1196,2,1,6,1,297,Normal,139000
426,RM,OldTown,Pave,3378,7,8,1946,1389,3,1,6,1,240,Normal,135000
427,RL,SawyerW,Pave,12800,7,5,1989,1644,2,2,5,2,569,Normal,275000
428,RL,NAmes,Pave,8593,4,6,1957,907,3,1,5,1,352,Normal,109008
429,RL,CollgCr,Pave,6762,7,5,2007,1208,2,2,6,2,628,Partial,195400
430,RL,Timber,Pave,11457,6,5,1988,1412,3,2,6,2,576,Normal,175000
431,RM,BrDale,Pave,1680,6,5,1971,987,2,1,4,1,264,Abnorml,85400
432,RM,OldTown,Pave,5586,6,7,1920,1198,4,1,7,0,0,Abnorml,79900
433,RM,BrDale,Pave,1920,5,5,1971,1365,2,1,6,2,440,Normal,122500
434,RL,Gilbert,Pave,10839,6,5,1997,1604,3,2,7,2,470,Normal,181000
435,RM,MeadowV,Pave,1890,4,7,1972,630,1,1,3,0,0,Normal,81000
436,RL,CollgCr,Pave,10667,7,6,1996,1661,3,2,6,2,550,Normal,212000
437,RM,OldTown,Pave,4400,6,8,1920,1118,2,1,6,2,440,Normal,116000
438,RM,BrkSide,Pave,6000,6,7,1926,904,2,1,4,1,180,Normal,119000
439,RL,Crawfor,Pave,4280,5,6,1913,694,2,1,4,1,352,Normal,90350
440,RL,Edwards,Pave,12354,6,8,1920,1196,3,1,7,2,528,Normal,110000
442,RL,Edwards,Pave,12108,4,4,1955,1440,4,2,8,0,0,Normal,118000
443,RM,BrkSide,Pave,6240,5,7,1930,1573,3,2,8,2,360,Normal,162900
444,RL,Blmngtn,Pave,3922,7,5,2006,1258,2,2,6,3,648,Partial,172500
445,RL,CollgCr,Pave,8750,7,5,1994,1908,4,2,8,2,493,Normal,210000
446,RL,Edwards,Pave,9855,6,5,1956,1689,3,1,7,2,480,Normal,127500
447,RL,NAmes,Pave,16492,6,6,1966,1888,2,2,6,2,578,Normal,190000
448,RL,Gilbert,Pave,11214,7,5,1998,1886,4,2,10,2,431,Normal,199900
449,RM,IDOTRR,Pave,8600,6,6,1937,1376,3,2,7,1,198,Normal,119500
450,RM,OldTown,Pave,6000,3,7,1948,1183,2,1,6,1,308,Normal,120000
451,RM,OldTown,Pave,5684,6,8,1930,813,2,1,5,1,270,Normal,110000
453,RL,Timber,Pave,9303,6,5,1996,1756,3,2,7,2,422,Normal,204000
454,FV,Somerst,Pave,9000,8,5,2008,1590,3,2,6,2,676,Normal,210000
455,RL,Mitchel,Pave,9297,5,5,1976,1728,4,2,8,2,560,Family,188000
456,RL,NWAmes,Pave,9600,7,6,1973,1242,3,1,6,2,528,Normal,175500
457,RM,OldTown,Pave,4571,5,5,1916,1344,4,1,7,3,513,Abnorml,98000
459,RM,OldTown,Pave,5100,8,7,1925,1666,3,1,7,1,228,Normal,161000
460,RL,BrkSide,Pave,7015,5,4,1950,1203,3,1,5,1,352,Normal,110000
461,FV,Somerst,Pave,8004,8,5,2009,1935,3,2,8,2,552,Partial,263435
462,RL,SWISU,Pave,7200,7,9,1936,1135,3,1,6,2,576,Normal,155000
463,RL,Sawyer,Pave,8281,5,5,1965,864,3,1,5,1,360,Normal,62383
464,RL,Crawfor,Pave,11988,6,7,1934,1660,3,1,6,1,240,Normal,188700
465,RL,CollgCr,Pave,8430,5,5,1978,1040,3,2,5,0,0,Normal,124000
466,RM,Blmngtn,Pave,3072,7,5,2004,1414,2,2,6,2,398,Normal,178740
467,RL,NAmes,Pave,10628,7,5,1970,1277,2,1,5,2,526,Normal,167000
468,RL,NAmes,Pave,9480,5,7,1942,1644,3,1,7,1,312,Normal,146500
469,RL,NridgHt,Pave,11428,8,5,2006,1634,3,2,7,3,866,Normal,250000
470,RL,SawyerW,Pave,9291,6,5,1993,1710,3,2,7,2,506,Normal,187000
471,RL,StoneBr,Pave,6820,8,5,1985,1502,1,1,4,2,528,Normal,212000
472,RL,NWAmes,Pave,11952,7,6,1977,1969,3,2,8,2,534,Normal,190000
473,RM,Edwards,Pave,3675,6,5,2005,1072,2,1,5,2,525,Normal,148000
475,RL,StoneBr,Pave,5330,8,5,2000,1652,2,2,6,2,499,Normal,251000
476,RL,Sawyer,Pave,8480,5,6,1963,970,2,1,5,2,624,Normal,132500
477,RL,CollgCr,Pave,13125,6,5,1997,1493,3,2,7,2,508,Normal,208900
479,RL,CollgCr,Pave,10637,8,5,2007,1718,3,2,7,3,826,Normal,297000
480,RM,OldTown,Pave,5925,4,7,1937,1131,2,1,7,2,672,Alloca,89471
483,RM,OldTown,Pave,2500,7,8,1915,1826,4,1,7,1,164,Normal,155000
484,RM,Mitchel,Pave,4500,6,5,1998,1216,2,2,5,2,402,Normal,164000
485,RL,Sawyer,Pave,7758,5,7,1962,999,3,1,6,1,264,Normal,132500
486,RL,NAmes,Pave,9600,5,7,1950,1113,3,1,5,1,264,Normal,147000
487,RL,NAmes,Pave,10289,5,7,1965,1073,3,1,6,2,515,Normal,156000
488,RL,NWAmes,Pave,12243,5,6,1971,1484,3,2,7,2,487,Normal,175000
489,RL,OldTown,Pave,10800,5,4,1900,2414,3,2,10,2,520,Normal,160000
490,RM,MeadowV,Pave,1526,4,8,1970,630,1,1,3,1,286,Normal,86000
491,RM,MeadowV,Pave,2665,5,6,1976,1304,3,1,4,1,336,Normal,115000
492,RL,NAmes,Pave,9490,6,7,1941,1578,3,1,5,1,240,Normal,133000
493,RL,Gilbert,Pave,15578,6,5,2006,1456,3,2,8,2,429,Partial,172785
494,RL,NAmes,Pave,7931,5,6,1960,1269,3,1,6,1,308,Normal,155000
495,RM,OldTown,Pave,5784,5,8,1938,886,2,1,4,1,273,Normal,91300
496,C (all),IDOTRR,Pave,7879,4,5,1920,720,2,1,4,0,0,Abnorml,34900
498,RL,BrkSide,Pave,9120,7,6,1925,1820,4,2,8,1,240,Normal,184000
499,RL,Sawyer,Pave,7800,5,7,1967,899,3,1,5,1,288,Normal,130000
500,RL,NAmes,Pave,7535,5,7,1958,912,2,1,5,1,297,Normal,120000
501,RM,BrDale,Pave,1890,6,5,1973,1218,3,1,7,1,264,Normal,113000
502,FV,Somerst,Pave,9803,7,5,2005,1768,3,2,7,2,603,Normal,226700
503,RL,Edwards,Pave,9170,5,7,1965,1214,2,1,6,2,461,Normal,140000
504,RL,Crawfor,Pave,15602,7,8,1959,1801,1,2,6,2,484,Normal,289000
505,RL,NPkVill,Pave,2308,6,5,1974,1322,3,2,6,2,440,Normal,147000
506,RM,OldTown,Pave,7596,5,5,1952,1960,4,2,10,2,400,Normal,124500
507,RL,SawyerW,Pave,9554,8,5,1993,1911,3,2,8,2,471,Normal,215000
508,FV,Somerst,Pave,7862,6,5,2009,1218,2,2,4,2,676,Partial,208300
509,RM,OldTown,Pave,9600,7,9,1928,1378,3,2,7,2,360,Normal,161000
510,RL,NAmes,Pave,9600,5,6,1959,1041,3,1,6,1,270,Normal,124500
511,RL,NAmes,Pave,14559,5,7,1951,1363,2,1,6,1,288,Normal,164900
512,RL,NridgHt,Pave,6792,7,5,2005,1368,2,2,6,2,474,Partial,202665
513,RL,NAmes,Pave,9100,5,5,1958,864,3,1,5,2,624,Normal,129900
514,RL,Mitchel,Pave,9187,6,5,1983,1080,3,1,5,2,484,Normal,134000
515,RL,Crawfor,Pave,10594,5,5,1926,789,2,1,5,1,200,Normal,96500
517,RL,NWAmes,Pave,10448,6,6,1972,2119,3,2,7,2,583,Abnorml,158000
518,RL,NoRidge,Pave,10208,7,5,1996,2344,3,2,7,3,889,Normal,265000
519,RL,CollgCr,Pave,9531,6,5,1998,1796,3,2,7,2,546,Normal,211000
520,RL,Crawfor,Pave,10918,7,9,1926,2080,3,1,9,1,282,Normal,234000
521,RL,OldTown,Pave,10800,4,7,1900,1294,3,2,7,0,0,Normal,106250
522,RL,NAmes,Pave,11988,6,6,1957,1244,3,1,6,1,336,Normal,150000
523,RM,BrkSide,Pave,5000,6,7,1947,1664,3,2,7,2,420,Normal,159000
525,RL,NoRidge,Pave,11787,7,5,1996,2398,3,2,8,3,834,Normal,315750
526,FV,Somerst,Pave,7500,7,5,2005,1266,3,2,6,2,453,Normal,176000
527,RL,NAmes,Pave,13300,5,7,1956,928,2,1,4,1,252,Normal,132000
529,RL,Edwards,Pave,9098,4,7,1920,605,2,1,5,0,0,Normal,86000
531,RL,Timber,Pave,10200,6,5,1988,1509,3,2,5,2,600,Abnorml,175000
532,RM,BrkSide,Pave,6155,6,8,1920,1362,3,2,6,2,502,Normal,128000
533,RL,NAmes,Pave,7200,5,7,1955,827,2,1,5,1,392,Normal,107500
534,RL,BrkSide,Pave,5000,1,3,1946,334,1,1,2,0,0,Normal,39300
535,RL,Gilbert,Pave,9056,8,5,2004,1414,3,2,6,2,403,Normal,178000
536,RL,Edwards,Pave,7000,5,7,1910,1347,3,1,5,0,0,Normal,107500
537,RL,CollgCr,Pave,8924,7,5,1998,1724,3,2,8,2,527,Normal,188000
538,RL,NAmes,Pave,12735,4,5,1972,864,3,1,5,2,576,Normal,111250
539,RL,Sawyer,Pave,11553,5,5,1968,1159,3,1,7,1,336,Normal,158000
540,RL,CollgCr,Pave,11423,8,5,2001,1601,3,2,6,2,670,Normal,272000
541,RL,Timber,Pave,14601,9,5,2006,1838,2,2,8,3,765,Normal,315000
542,RL,NoRidge,Pave,11000,8,5,2000,2285,4,2,8,3,648,Normal,248000
543,RL,NWAmes,Pave,10140,7,5,1998,1680,3,2,7,2,583,Normal,213250
544,RH,NAmes,Pave,4058,7,5,1998,767,1,1,4,1,367,Normal,133000
545,RL,Gilbert,Pave,17104,7,5,2006,1496,3,2,7,2,426,Partial,179665
546,RL,NWAmes,Pave,13837,7,5,1988,2183,4,2,9,3,786,Normal,229000
547,RL,BrkSide,Pave,8737,6,7,1923,1635,3,1,6,2,440,Normal,210000
548,RL,Mitchel,Pave,7244,5,7,1970,768,2,1,5,2,624,Normal,129500
549,RM,OldTown,Pave,8235,5,7,1955,825,2,1,4,2,720,Normal,125000
550,FV,Somerst,Pave,9375,7,5,2003,2094,4,2,8,2,615,Normal,263000
551,RL,NPkVill,Pave,4043,6,6,1977,1069,2,2,4,2,440,Abnorml,140000
552,RM,OldTown,Pave,6000,5,6,1957,928,3,1,5,1,288,Normal,112500
553,RL,NridgHt,Pave,11146,8,5,2006,1717,3,2,7,3,908,Normal,255500
554,RL,Edwards,Pave,8777,4,5,1949,1126,2,2,5,2,520,Normal,108000
555,RL,NridgHt,Pave,10625,7,5,2003,2046,3,2,8,3,871,Normal,284000
556,RM,BrkSide,Pave,6380,5,6,1922,1048,2,1,5,1,280,Normal,113000
557,RL,NAmes,Pave,14850,5,5,1957,1092,2,1,6,1,299,Normal,141000
558,C (all),IDOTRR,Pave,11040,4,6,1920,1336,3,1,7,1,570,Normal,108000
560,RL,Blmngtn,Pave,3196,7,5,2003,1557,2,2,7,2,420,Normal,234000
561,RL,Sawyer,Pave,11341,5,6,1957,1392,3,1,5,2,528,Normal,121500
562,RL,Mitchel,Pave,10010,5,5,1974,1389,2,1,6,2,418,Normal,170000
563,RL,Edwards,Pave,13907,5,6,1940,996,3,1,6,0,0,Normal,108000
565,RL,NoRidge,Pave,13346,7,5,1992,2295,4,2,9,2,590,Normal,268000
566,RL,SWISU,Pave,6858,6,4,1915,1647,4,1,6,1,216,Normal,128000
568,RL,NridgHt,Pave,10171,7,5,2004,1535,3,2,7,2,532,Normal,214000
569,RL,SawyerW,Pave,12327,8,8,1983,2132,1,1,5,2,612,Normal,316600
570,RL,NAmes,Pave,7032,5,5,1979,943,2,1,4,2,600,Normal,135960
571,RL,NAmes,Pave,13101,5,5,1965,1728,6,2,10,2,576,Normal,142600
572,RL,NAmes,Pave,7332,6,6,1959,864,2,1,4,1,288,Abnorml,120000
573,RL,Timber,Pave,13159,7,5,2009,1692,3,2,6,2,650,Partial,224500
574,RL,Gilbert,Pave,9967,7,5,2000,1430,3,2,8,2,400,Normal,170000
575,RL,NAmes,Pave,10500,5,7,1971,1109,3,1,5,1,288,Normal,139000
576,RL,NAmes,Pave,8480,5,5,1947,1216,2,1,6,1,336,Abnorml,118500
577,RL,SWISU,Pave,6292,7,7,1928,1477,3,2,6,1,216,Normal,145000
578,RL,Sawyer,Pave,11777,5,6,1966,1320,3,1,6,2,564,Abnorml,164500
579,FV,Somerst,Pave,3604,7,5,2007,1392,2,2,5,2,540,Abnorml,146000
580,RM,OldTown,Pave,12150,5,5,1954,1795,4,2,7,1,352,Normal,131500
581,RL,NAmes,Pave,14585,6,6,1960,1429,3,1,7,2,572,Normal,181900
583,RL,Edwards,Grvl,11841,6,5,1990,816,3,1,5,0,0,Normal,118500
585,RM,BrkSide,Pave,6120,4,7,1935,1573,3,1,6,1,240,Normal,133000
587,RL,BrkSide,Pave,10267,6,7,1918,838,2,1,5,1,275,Normal,130000
588,RL,Sawyer,Pave,8740,5,6,1982,860,2,1,4,2,528,Normal,137000
590,RM,BrkSide,Pave,9100,5,6,1930,935,2,1,4,1,308,Normal,79500
591,RL,CollgCr,Pave,8320,7,5,2004,1582,3,2,6,2,520,Normal,185900
593,RL,Mitchel,Pave,6600,5,8,1982,816,2,1,4,2,816,Normal,138000
594,RM,CollgCr,Pave,4435,6,5,2003,848,1,1,4,2,420,Normal,140000
595,RL,CollgCr,Pave,7990,5,6,1975,924,3,1,5,1,280,Normal,110000
596,RL,StoneBr,Pave,11302,8,5,2005,1826,3,2,7,3,758,Partial,319000
597,RM,OldTown,Pave,3600,6,7,1910,1368,3,1,7,1,216,Normal,114504
598,RL,Blmngtn,Pave,3922,7,5,2006,1402,2,0,7,3,648,Partial,194201
599,RL,Crawfor,Pave,12984,5,6,1977,1647,3,2,7,2,621,Normal,217500
600,RM,Blueste,Pave,1950,6,6,1980,1556,3,2,6,2,452,Normal,151000
601,RL,NridgHt,Pave,10927,8,5,2005,1904,3,2,8,2,736,Normal,275000
602,RM,IDOTRR,Pave,9000,6,6,1937,1375,3,1,6,1,544,Normal,141000
603,RL,SawyerW,Pave,10041,8,5,1992,1915,3,2,8,2,506,Abnorml,220000
604,FV,Somerst,Pave,3182,7,5,2004,1200,2,2,4,2,480,Normal,151000
605,RL,CollgCr,Pave,12803,7,5,2002,1494,3,2,6,2,530,Normal,221000
606,RL,NAmes,Pave,13600,7,6,1965,1986,3,2,7,2,486,Normal,205000
607,RL,CollgCr,Pave,12464,5,5,1996,1040,3,1,6,2,576,Normal,152000
608,RL,Edwards,Pave,7800,5,8,1948,2008,3,3,8,1,230,Normal,225000
610,RL,Sawyer,Pave,7943,4,5,1961,1029,3,1,5,1,261,Normal,118500
611,RL,CollgCr,Pave,11050,9,5,2000,2153,3,2,8,3,736,Normal,313000
612,RL,NWAmes,Pave,10395,6,6,1978,1032,3,2,6,2,564,Normal,148000
613,RL,CollgCr,Pave,11885,8,5,2001,1872,3,2,7,2,531,Normal,261500
614,RL,Mitchel,Pave,8402,5,5,2007,1120,3,1,6,0,0,Partial,147000
615,RM,MeadowV,Pave,1491,4,6,1972,630,1,1,3,0,0,Normal,75500
616,RL,NAmes,Pave,8800,6,7,1963,1054,3,1,6,2,480,Abnorml,137500
617,RL,Gilbert,Pave,7861,6,5,2002,1509,3,2,7,2,393,Normal,183200
618,RL,NAmes,Pave,7227,6,6,1954,832,2,1,4,2,528,Normal,105500
619,RL,NridgHt,Pave,11694,9,5,2007,1828,3,2,9,3,774,Partial,314813
620,RL,Timber,Pave,12244,8,5,2003,2262,4,2,10,3,749,Normal,305000
621,RL,Edwards,Pave,8248,3,3,1914,864,2,1,5,0,0,Normal,67000
622,RL,NWAmes,Pave,10800,6,7,1974,2614,4,2,9,2,624,Normal,240000
623,RL,Sawyer,Pave,7064,5,6,1977,980,3,1,6,2,484,Normal,135000
624,FV,Somerst,Pave,2117,6,5,2000,1512,2,2,4,2,440,Normal,168500
625,RL,NWAmes,Pave,10400,6,5,1972,1790,4,1,8,2,484,Normal,165150
626,RL,NAmes,Pave,10000,6,6,1962,1116,3,1,5,2,440,Normal,160000
627,RL,NAmes,Pave,12342,5,5,1960,1422,3,1,6,1,286,Normal,139900
628,RL,NAmes,Pave,9600,6,6,1955,1520,3,1,7,1,364,Normal,153000
629,RL,NAmes,Pave,11606,5,5,1969,2080,5,1,9,2,504,Family,135000
630,RL,NAmes,Pave,9020,6,5,1964,1350,3,1,6,2,520,Normal,168500
632,RL,NridgHt,Pave,4590,8,5,2006,1554,2,2,6,2,627,Normal,209500
633,RL,NWAmes,Pave,11900,7,5,1977,1411,3,2,6,2,544,Family,82500
634,RL,NAmes,Pave,9250,5,7,1954,1056,3,1,6,1,260,Normal,139400
635,RL,OldTown,Pave,6979,6,5,1980,1056,0,0,4,2,576,Normal,144000
637,RM,BrkSide,Pave,6120,2,3,1936,800,1,1,4,0,0,Normal,60000
638,RM,OldTown,Pave,6000,5,4,1954,1387,3,2,7,1,256,Normal,93000
639,RL,Edwards,Pave,8777,5,7,1910,796,2,1,4,0,0,Normal,85000
640,RL,Blmngtn,Pave,3982,8,5,2006,1567,1,2,7,3,648,Partial,264561
641,RL,NridgHt,Pave,12677,8,5,2003,1518,1,1,6,2,588,Normal,274000
642,FV,Somerst,Pave,7050,7,5,2001,1929,3,2,7,2,650,Normal,226000
644,RL,NWAmes,Pave,10793,5,5,1969,1620,4,2,7,2,462,Normal,152000
646,RL,NAmes,Pave,10530,6,5,1971,981,3,1,5,2,576,Normal,143250
647,RL,NAmes,Pave,7200,5,5,1950,1048,3,1,7,2,420,Normal,98300
648,RL,Edwards,Pave,10452,6,5,1953,1094,3,1,5,2,495,Normal,155000
649,RL,NAmes,Pave,7700,6,5,1966,1839,4,1,7,2,442,Normal,155000
650,RM,MeadowV,Pave,1936,4,6,1970,630,1,1,3,0,0,Normal,84500
651,FV,Somerst,Pave,8125,7,6,2007,1665,3,2,7,2,562,Normal,205950
652,RL,Edwards,Pave,9084,4,5,1940,1510,4,1,7,1,296,Normal,108000
653,RL,CollgCr,Pave,8750,7,5,1996,1716,2,2,7,2,512,Normal,191000
654,RM,IDOTRR,Pave,10320,6,7,1906,1469,3,1,7,1,216,Normal,135000
656,RM,BrDale,Pave,1680,6,5,1971,1092,3,1,6,1,264,Family,88000
657,RL,NAmes,Pave,10007,5,7,1959,1053,3,1,5,1,312,Normal,145500
658,RL,Crawfor,Pave,7200,7,6,1931,1502,3,1,6,1,270,Normal,149000
659,RL,NAmes,Pave,17503,6,5,1948,1458,3,1,6,1,330,Abnorml,97500
660,RL,Edwards,Pave,9937,5,7,1964,1486,3,1,7,2,480,Normal,167000
661,RL,NWAmes,Pave,12384,7,7,1976,1935,3,2,7,2,550,Normal,197900
663,RL,NAmes,Pave,13560,6,3,1968,1392,2,1,5,2,576,Normal,110000
664,RL,Edwards,Pave,10012,4,5,1972,1181,3,2,6,2,588,Normal,137500
666,RL,Gilbert,Pave,11194,8,5,2000,1936,3,2,7,2,504,Normal,230500
668,RL,SawyerW,Pave,8125,6,5,1994,1679,3,2,7,2,575,Normal,193500
669,RL,Sawyer,Pave,14175,5,6,1956,1437,3,1,6,2,576,Normal,168000
670,RL,Crawfor,Pave,11600,4,5,1922,1180,2,1,5,1,252,Normal,137500
671,RL,CollgCr,Pave,8633,6,5,2005,1476,3,2,7,2,540,Normal,173500
672,RH,Edwards,Pave,6629,6,6,1925,1369,3,2,6,1,300,Normal,103600
673,RL,Veenker,Pave,11250,6,6,1977,1208,3,1,6,2,546,Normal,165000
674,RL,Crawfor,Pave,14442,6,7,1957,1839,3,2,7,2,416,Normal,257500
675,RL,NAmes,Pave,9200,6,6,1965,1136,3,1,5,1,384,Normal,140000
676,RL,NPkVill,Pave,2289,6,6,1978,1441,3,2,7,2,440,Normal,148500
677,RM,OldTown,Pave,9600,4,2,1900,1774,4,2,8,3,779,Normal,87000
678,RL,OldTown,Pave,9022,5,8,1924,792,2,1,5,1,240,Normal,109500
680,RL,Sawyer,Pave,9945,5,5,1961,988,3,1,5,2,572,Normal,128500
681,RL,SawyerW,Pave,8012,6,5,1980,923,2,2,5,1,264,Normal,143000
682,RH,SWISU,Pave,4500,5,5,1932,1520,3,1,6,1,281,Abnorml,159434
683,RL,ClearCr,Pave,2887,6,5,1996,1291,2,1,6,2,431,Normal,173000
684,RL,CollgCr,Pave,11248,9,5,2002,1668,3,2,7,3,702,Normal,285000
685,RL,NoRidge,Pave,16770,7,5,1998,1839,4,2,7,2,486,Normal,221000
686,RL,StoneBr,Pave,5062,7,5,1984,2090,3,2,6,2,577,Normal,207500
687,FV,Somerst,Pave,10207,7,6,2007,1761,3,3,7,2,578,Partial,227875
688,FV,Somerst,Pave,5105,7,5,2004,1102,2,2,4,2,480,Normal,148800
690,RL,NridgHt,Pave,7577,6,5,2005,1362,2,2,6,2,460,Normal,194700
691,RM,CollgCr,Pave,4426,6,5,2004,848,1,1,3,2,420,Normal,141000
694,RL,OldTown,Pave,5400,5,6,1921,1073,2,1,4,1,326,Abnorml,108480
695,RM,BrkSide,Pave,6120,5,6,1936,1539,3,1,5,2,576,Normal,141500
696,RL,Timber,Pave,13811,6,6,1987,1137,2,2,5,2,551,Normal,176000
697,RM,BrkSide,Pave,6000,5,7,1921,616,2,1,4,1,205,Normal,89000
698,RL,Edwards,Pave,6420,5,7,1952,1148,2,1,6,1,308,Normal,123500
699,RL,Sawyer,Pave,8450,5,8,1965,894,3,1,5,1,336,Normal,138500
700,FV,Somerst,Pave,4282,7,5,2004,1391,2,2,5,2,530,Normal,196000
701,RL,Timber,Pave,14331,8,5,2002,1800,3,2,7,3,765,Normal,312500
702,RL,NWAmes,Pave,9600,7,5,1969,1164,3,1,6,2,528,Normal,140000
704,RM,OldTown,Pave,7630,5,9,1900,1812,4,2,8,2,672,Normal,140000
705,RL,CollgCr,Pave,8400,7,5,2004,1484,3,2,7,2,606,Normal,213000
706,RM,IDOTRR,Pave,5600,4,5,1930,1092,3,2,7,0,0,Normal,55000
708,RL,NridgHt,Pave,6240,8,5,2006,1324,2,2,6,2,550,Normal,254000
709,RL,Gilbert,Pave,9018,7,5,2007,1456,3,2,8,2,400,Partial,179540
710,RL,Sawyer,Pave,7162,5,7,1966,904,3,1,6,1,408,Abnorml,109900
711,RL,BrkSide,Pave,4130,3,6,1935,729,2,1,5,0,0,Normal,52000
712,C (all),IDOTRR,Pave,8712,4,7,1900,1178,2,1,7,1,384,Abnorml,102776
713,RL,StoneBr,Pave,4671,8,5,1988,1228,2,2,5,2,472,Normal,189000
714,RL,BrkSide,Pave,9873,4,5,1970,960,3,1,6,2,576,Normal,129000
715,RL,Sawyer,Pave,13517,6,8,1976,1479,3,2,6,2,475,Normal,130500
716,RL,NWAmes,Pave,10140,6,5,1974,1350,3,2,7,2,478,Normal,165000
717,RM,OldTown,Pave,10800,7,8,1890,2554,3,1,8,2,704,Normal,159500
718,RL,NWAmes,Pave,10000,5,6,1973,1178,3,1,5,2,439,Normal,157000
720,RL,CollgCr,Pave,9920,5,6,1969,971,3,1,5,1,300,Normal,128500
721,RL,StoneBr,Pave,6563,8,5,1985,1742,2,2,5,2,564,Normal,275000
722,RM,CollgCr,Pave,4426,6,5,2004,848,1,1,3,2,420,Normal,143000
723,RL,NAmes,Pave,8120,4,7,1970,864,3,1,5,2,463,Normal,124500
724,RL,Edwards,Pave,8172,4,6,1954,1470,4,2,7,1,548,Normal,135000
726,RL,NAmes,Pave,6960,4,6,1970,864,3,1,5,2,660,Normal,120500
728,RL,CollgCr,Pave,7314,7,5,2007,1232,2,2,6,2,632,Normal,194500
729,RL,NAmes,Pave,11475,5,5,1958,1776,4,2,9,3,888,Abnorml,110000
730,RM,IDOTRR,Pave,6240,4,5,1925,1208,2,1,5,2,539,Normal,103000
731,RL,StoneBr,Pave,5389,8,5,1995,1616,2,2,5,2,608,Normal,236500
732,RL,Timber,Pave,9590,7,5,2003,1146,3,2,6,2,438,Normal,187500
733,RL,CollgCr,Pave,11404,7,5,1998,2031,3,2,8,2,541,Normal,222500
734,RL,Sawyer,Pave,10000,5,6,1961,1144,3,1,6,1,264,Normal,131400
735,RL,Sawyer,Pave,8978,5,5,1968,948,3,1,6,1,300,Family,108000
736,RM,OldTown,Pave,10800,7,7,1914,1768,2,1,6,2,320,Normal,163000
737,RL,NAmes,Pave,8544,3,4,1950,1040,2,2,6,2,400,Normal,93500
738,RL,Gilbert,Pave,10463,8,5,2005,1801,3,2,8,3,800,Normal,239900
739,RL,Edwards,Pave,10800,5,5,1987,1200,3,3,5,0,0,Alloca,179000
740,RL,CollgCr,Pave,9313,7,5,2004,1728,3,2,7,2,572,Normal,190000
741,RM,OldTown,Pave,9600,5,7,1910,1432,2,2,7,2,360,Abnorml,132000
742,RL,Sawyer,Pave,6768,6,8,1961,912,3,1,5,1,288,Normal,142000
743,RL,SawyerW,Pave,8450,7,5,2000,1349,3,2,6,2,539,Normal,179000
744,RL,Sawyer,Pave,12886,5,6,1963,1464,3,2,6,2,480,Normal,175000
745,RL,StoneBr,Pave,5395,8,5,1993,1337,2,2,5,2,462,Normal,180000
747,RL,Gilbert,Pave,8795,7,5,2000,2256,4,2,8,2,554,Normal,236000
749,RL,NoRidge,Pave,10593,7,5,1996,1720,3,2,7,2,527,Normal,260400
750,RL,Edwards,Pave,8405,4,3,1945,1529,4,2,9,1,240,Normal,98000
751,RM,OldTown,Pave,8800,4,7,1910,1140,3,1,7,0,0,Normal,96500
752,RL,Gilbert,Pave,7750,7,5,2003,1320,3,2,6,2,400,Normal,162000
753,RL,CollgCr,Pave,9236,6,5,1997,1494,3,2,6,2,576,Normal,217000
754,RL,NridgHt,Pave,10240,8,5,2005,2098,3,2,8,3,878,Normal,275500
755,RL,NAmes,Pave,7930,6,8,1969,1026,3,1,5,2,440,Normal,156000
756,FV,Somerst,Pave,3230,6,5,1999,1471,3,2,6,2,440,Normal,172500
757,RL,CollgCr,Pave,10769,8,5,2007,1768,3,2,7,2,578,Normal,212000
758,RL,Sawyer,Pave,11616,6,5,1978,1386,3,2,6,2,440,Abnorml,158900
759,FV,Somerst,Pave,2280,7,5,1999,1501,3,2,6,2,440,Normal,179400
760,RL,NoRidge,Pave,12257,8,5,1995,2531,4,2,9,3,752,Normal,290000
761,RL,NAmes,Pave,9100,6,6,1959,864,2,1,5,1,300,Normal,127500
762,RM,BrkSide,Pave,6911,5,5,1924,1301,2,1,5,2,440,Normal,100000
763,FV,Somerst,Pave,8640,7,5,2009,1547,3,2,7,2,614,Normal,215200
765,RL,Veenker,Pave,9549,8,5,1995,1494,2,1,6,2,481,Normal,270000
766,RL,Somerst,Pave,14587,9,5,2008,1506,2,2,6,2,592,Partial,264132
767,RL,NWAmes,Pave,10421,7,5,1988,1714,3,2,7,2,496,Normal,196500
768,RL,Mitchel,Pave,12508,6,7,1940,1750,4,2,7,1,423,Normal,160000
769,RL,CollgCr,Pave,9100,7,5,2004,1836,3,2,8,2,484,Normal,216837
771,RL,Sawyer,Pave,7252,5,5,1982,858,2,1,5,2,576,Normal,134900
772,RL,Edwards,Pave,8877,4,5,1951,1220,2,1,6,2,396,Normal,102000
773,RL,Edwards,Pave,7819,6,5,1976,1117,3,1,6,2,672,Abnorml,107000
774,RL,NAmes,Pave,10150,5,5,1958,912,2,1,5,1,275,Normal,114500
776,RM,Mitchel,Pave,4500,6,5,1998,1204,2,2,5,2,412,Normal,162000
777,RL,CollgCr,Pave,11210,7,5,2005,1614,3,2,7,3,865,Partial,221500
778,RL,Sawyer,Pave,13350,5,5,1974,894,3,1,5,2,440,Normal,142500
779,RH,SawyerW,Pave,8400,5,5,1977,2020,4,2,10,2,630,Normal,144000
780,RL,Mitchel,Pave,10530,6,5,1977,1004,2,1,4,2,504,Normal,135000
781,RL,Gilbert,Pave,7875,7,5,1995,1253,3,2,6,2,402,Normal,176000
782,RL,SawyerW,Pave,7153,6,5,1992,1603,3,2,7,2,484,Normal,175900
783,RL,CollgCr,Pave,16285,7,5,2001,1430,3,2,6,2,605,Normal,187100
784,RL,Mitchel,Pave,9101,5,6,1978,1110,1,1,4,2,602,Normal,165500
785,RM,OldTown,Pave,6300,6,6,1914,1484,3,2,9,0,0,Normal,128000
786,RL,NWAmes,Pave,9790,6,5,1967,1342,3,2,7,2,457,Normal,161500
787,RM,OldTown,Pave,10800,5,6,1915,1652,4,2,7,1,416,Normal,139000
788,RL,SawyerW,Pave,10142,7,5,2004,2084,4,2,8,2,618,Normal,233000
789,RM,OldTown,Pave,6000,4,7,1954,901,2,1,4,1,281,Normal,107900
790,RL,ClearCr,Pave,12205,6,8,1966,2087,5,2,9,2,444,Normal,187500
791,RL,Blmngtn,Pave,3182,7,5,2005,1145,2,2,5,2,397,Normal,160200
792,RL,Mitchel,Pave,11333,6,5,1976,1062,3,1,5,2,539,Normal,146800
793,RL,NoRidge,Pave,9920,7,5,1996,2013,3,2,8,2,455,Normal,269790
794,RL,Somerst,Pave,9158,8,5,2007,1496,3,2,7,2,474,Partial,225000
795,RL,Gilbert,Pave,10832,7,5,1994,1895,3,2,7,2,409,Normal,194500
796,RL,SawyerW,Pave,8400,6,6,1980,1564,3,2,7,2,476,Normal,171000
797,RL,Sawyer,Pave,8197,6,5,1977,1285,3,1,7,2,528,Normal,143500
798,RL,NAmes,Pave,7677,5,5,1953,773,2,1,4,1,240,Abnorml,110000
800,RL,SWISU,Pave,7200,5,7,1937,1768,3,1,7,1,240,Normal,175000
801,RL,ClearCr,Pave,12798,6,5,1997,1688,4,2,8,2,603,Normal,200000
802,RM,IDOTRR,Pave,4800,4,7,1916,1196,2,1,5,2,440,Normal,109900
803,RL,CollgCr,Pave,8199,7,5,2005,1456,3,2,7,2,410,Normal,189000
805,RL,NAmes,Pave,9000,5,5,1954,1128,2,1,5,1,286,Family,118000
806,RL,Somerst,Pave,12274,7,5,2008,1428,3,2,6,2,554,Partial,227680
807,RL,NAmes,Pave,9750,5,5,1967,980,3,2,6,1,384,Normal,135500
809,RL,NAmes,Pave,13400,5,5,1966,1086,3,1,6,2,484,Normal,159950
810,RM,OldTown,Pave,8100,5,5,1898,2138,2,2,11,2,360,Normal,106000
811,RL,NWAmes,Pave,10140,6,6,1974,1309,3,1,5,2,484,Normal,181000
812,RM,CollgCr,Pave,4438,6,5,2004,848,1,1,4,2,420,Normal,144500
813,C (all),IDOTRR,Grvl,8712,5,5,1952,1044,2,1,4,2,504,Alloca,55993
814,RL,NAmes,Pave,9750,6,6,1958,1442,4,1,7,1,301,Normal,157900
815,RL,Edwards,Pave,8248,5,7,1918,1250,3,1,7,1,280,Normal,116000
816,RL,CollgCr,Pave,12137,7,5,1998,1661,3,2,6,2,598,Normal,224900
817,RL,NAmes,Pave,11425,5,6,1954,1008,2,1,4,1,275,Normal,137000
818,RL,Mitchel,Pave,13265,8,5,2002,1689,3,2,7,3,857,Normal,271000
819,RL,ClearCr,Pave,8816,6,7,1971,1052,3,1,6,2,440,Normal,155000
820,RL,NridgHt,Pave,6371,7,5,2009,1358,2,2,6,2,484,Partial,224000
821,RL,CollgCr,Pave,7226,7,5,2003,1640,3,2,6,2,595,Normal,183000
822,RM,OldTown,Pave,6000,4,4,1953,936,2,1,4,2,576,Normal,93000
823,RL,Gilbert,Pave,12394,7,5,2003,1733,3,2,7,2,433,Family,225000
824,RL,SWISU,Pave,9900,6,7,1940,1489,3,2,7,1,240,Normal,139500
825,FV,Somerst,Pave,11216,8,5,2006,1489,3,2,7,2,776,Partial,232600
827,RM,BrkSide,Pave,6130,5,6,1924,784,2,1,5,0,0,Normal,109500
828,RL,SawyerW,Pave,8529,7,5,2001,1434,3,2,6,2,527,Normal,189000
830,FV,Somerst,Pave,2544,7,5,2005,1223,2,2,4,2,480,Normal,147400
831,RL,NAmes,Pave,11900,6,5,1957,1392,3,1,6,2,458,Normal,166000
832,FV,Somerst,Pave,3180,7,5,2005,1200,2,2,4,2,480,Normal,151000
833,RL,CollgCr,Pave,9548,7,6,2003,1829,3,2,7,2,613,Normal,237000
834,RL,NAmes,Pave,10004,6,6,1964,1516,3,1,6,2,472,Normal,167000
835,RL,NAmes,Pave,7875,5,6,1961,1144,3,1,6,2,456,Normal,139950
836,RL,Sawyer,Pave,9600,4,7,1950,1067,2,2,4,2,436,Normal,128000
837,RM,OldTown,Pave,8100,5,6,1948,1559,2,1,5,2,812,Normal,153500
838,RM,BrDale,Pave,1680,6,5,1973,987,2,1,5,1,264,Normal,100000
839,RL,CollgCr,Pave,9525,5,6,1995,1099,3,1,6,1,352,Normal,144000
840,RL,Edwards,Pave,11767,5,6,1946,1200,3,1,6,1,240,Normal,130500
841,RH,SWISU,Pave,12155,6,8,1925,1482,4,2,7,1,400,Normal,140000
842,RM,OldTown,Pave,10440,5,8,1904,1539,3,2,8,2,686,Normal,157500
843,RL,NAmes,Pave,9020,6,7,1966,1165,3,1,6,2,490,Normal,174900
844,RL,NAmes,Pave,8000,5,4,1961,1800,6,2,10,0,0,Normal,141000
845,RM,OldTown,Pave,12665,5,8,1915,1416,4,1,7,3,720,Normal,153900
846,RL,Sawyer,Pave,16647,5,5,1975,1701,3,2,6,2,611,Normal,171000
847,RL,SawyerW,Pave,9317,7,5,1993,1775,3,2,7,2,425,Normal,213000
848,RL,CollgCr,Pave,15523,5,6,1972,864,3,1,5,1,338,Normal,133500
850,RL,Veenker,Pave,9600,6,7,1976,1855,3,2,7,2,512,Normal,187000
851,RM,CollgCr,Pave,4435,6,5,2003,848,1,1,3,2,420,Normal,131500
852,RL,Blmngtn,Pave,3196,8,5,2003,1456,2,2,7,2,400,Normal,215000
853,RL,Crawfor,Pave,7128,7,5,1941,1646,4,2,7,1,240,Normal,164000
854,RL,NAmes,Pave,12095,6,6,1964,1445,3,1,7,2,645,Normal,158000
856,RL,Sawyer,Pave,6897,5,8,1962,1040,3,1,6,1,260,Normal,127000
857,RL,CollgCr,Pave,10970,6,6,1978,1026,3,1,5,2,576,Normal,147000
858,RL,Gilbert,Pave,8125,6,5,1994,1481,3,2,6,2,343,Normal,174000
859,RL,NWAmes,Pave,10400,7,5,1976,1370,3,2,6,2,479,Family,152000
860,RL,NWAmes,Pave,11029,6,7,1968,2654,4,2,9,2,619,Normal,250000
861,RL,Crawfor,Pave,7642,7,8,1918,1426,3,1,7,1,216,Normal,189950
862,RL,Sawyer,Pave,11625,5,4,1965,1039,3,1,6,2,504,Normal,131500
863,RL,SawyerW,Pave,9672,6,5,1984,1097,3,2,6,2,480,Normal,152000
864,RL,NAmes,Pave,7931,5,5,1959,1148,3,1,6,1,672,Normal,132500
865,FV,Somerst,Pave,8640,7,5,2007,1372,3,2,6,2,529,Partial,250580
866,RL,NAmes,Pave,8750,5,6,1970,1002,3,1,5,2,902,Normal,148500
867,RL,Timber,Pave,10656,8,5,2006,1646,3,2,6,3,870,Partial,248900
868,RL,Sawyer,Pave,6970,4,5,1961,1120,3,1,5,2,544,Normal,129000
869,RL,Gilbert,Pave,14762,5,6,1948,2320,2,2,7,2,672,Normal,169000
870,RL,SawyerW,Pave,9938,7,5,1993,1949,3,2,8,2,574,Normal,236000
871,RL,NAmes,Pave,6600,5,5,1962,894,2,1,5,1,308,Normal,109500
872,RL,CollgCr,Pave,8750,6,5,1998,1682,3,2,7,2,523,Normal,200500
873,RL,NAmes,Pave,8892,5,7,1953,910,3,1,5,2,414,Normal,116000
874,RL,NAmes,Pave,12144,5,7,1949,1268,3,1,6,1,288,Normal,133000
875,RM,OldTown,Pave,5720,5,6,1941,1131,3,1,5,1,200,Abnorml,66500
876,FV,Somerst,Pave,9000,8,5,2007,2610,4,2,11,2,550,Partial,303477
879,RL,Sawyer,Pave,11782,5,7,1961,1155,3,1,6,2,576,Normal,148000
880,RL,CollgCr,Pave,7000,5,8,1978,864,3,1,6,1,336,Normal,136500
881,RL,Edwards,Pave,7024,5,5,2005,1090,2,1,5,2,450,Normal,157000
882,RL,Timber,Pave,13758,7,5,1990,1717,3,2,7,2,400,Normal,187500
883,RL,Gilbert,Pave,9636,6,5,1992,1593,3,2,7,2,389,Normal,178000
884,RL,SWISU,Pave,6204,4,5,1912,2230,5,1,10,1,440,Normal,118500
885,RL,NAmes,Pave,7150,5,5,1967,892,3,1,5,1,288,Normal,100000
887,RL,NAmes,Pave,8393,5,5,1959,1712,4,2,8,2,588,Family,145000
888,RL,Edwards,Pave,16466,5,7,1955,1393,3,1,8,1,300,Normal,135500
889,RL,NAmes,Pave,15865,8,6,1970,2217,4,2,8,2,621,Normal,268000
890,RL,NAmes,Pave,12160,6,4,1953,1505,2,1,6,2,505,Normal,149500
891,RL,NAmes,Pave,8064,5,7,1949,924,3,1,6,2,576,Normal,122900
892,RL,Sawyer,Pave,11184,6,5,1978,1683,3,2,7,2,440,Normal,172500
893,RL,Sawyer,Pave,8414,6,8,1963,1068,3,1,6,1,264,Normal,154500
894,RL,Sawyer,Pave,13284,5,5,1954,1383,3,1,6,1,354,Normal,165000
895,RL,SawyerW,Pave,7018,5,5,1979,1535,4,2,8,2,400,Alloca,118858
896,RL,NAmes,Pave,7056,6,5,1963,1796,4,1,8,2,483,Normal,140000
897,RM,IDOTRR,Pave,8765,4,6,1936,951,2,1,6,1,327,Abnorml,106500
898,RL,SawyerW,Pave,7018,5,5,1979,2240,6,2,12,2,528,Alloca,142953
900,RL,Sawyer,Pave,6993,5,7,1961,1236,3,1,6,1,288,Normal,135000
901,RL,NAmes,Pave,7340,4,6,1971,858,2,1,4,1,684,Normal,110000
902,RL,NAmes,Pave,8712,5,7,1957,1306,2,1,5,1,756,Normal,153000
903,RL,Gilbert,Pave,7875,7,5,2003,1509,3,2,8,2,393,Normal,180000
904,RL,Gilbert,Pave,14859,7,5,2006,1670,3,2,7,3,690,Partial,240000
905,RL,Sawyer,Pave,6173,5,6,1967,902,3,1,6,1,288,Normal,125500
906,RL,NAmes,Pave,9920,5,5,1954,1063,3,1,6,1,280,Normal,128000
907,RL,Somerst,Pave,13501,8,5,2006,1636,3,2,8,3,865,Normal,255000
908,RL,Crawfor,Pave,11500,7,7,1936,2057,3,1,6,1,180,Normal,250000
909,RL,Mitchel,Pave,8885,5,5,1983,902,2,1,5,2,484,Normal,131000
910,RL,Gilbert,Pave,12589,6,5,2005,1484,3,2,8,2,390,Normal,174000
911,RL,NAmes,Pave,11600,5,5,1960,2274,5,2,12,2,480,Normal,154300
912,RL,CollgCr,Pave,9286,5,7,1977,1268,3,1,5,1,252,Normal,143500
913,RM,BrkSide,Pave,6120,5,7,1925,1015,3,1,6,1,450,Abnorml,88000
914,RH,Crawfor,Pave,6270,5,6,1949,2002,4,2,8,3,871,Normal,145000
915,FV,Somerst,Pave,3000,6,5,2009,1224,2,2,4,2,528,Partial,173733
916,RM,MeadowV,Pave,2001,4,5,1970,1092,3,1,6,1,286,Normal,75000
917,C (all),IDOTRR,Pave,9000,2,3,1949,480,1,0,4,1,308,Abnorml,35311
918,RL,Edwards,Pave,17140,4,6,1956,1229,3,1,6,1,284,Normal,135000
919,RL,SawyerW,Pave,13125,7,5,1991,2127,4,2,8,3,833,Normal,238000
920,RL,NAmes,Pave,11029,6,8,1958,1414,3,1,6,2,601,Normal,176500
921,RL,SawyerW,Pave,8462,6,5,1994,1721,3,2,7,2,471,Normal,201000
922,RL,Edwards,Pave,8777,5,7,1900,2200,4,2,9,0,0,Normal,145900
923,RL,Gilbert,Pave,10237,6,5,2005,1316,3,2,6,2,397,Partial,169990
924,RL,SawyerW,Pave,8012,6,5,1993,1617,2,2,5,2,533,Normal,193000
925,RL,NWAmes,Pave,10240,6,6,1980,1686,3,2,7,2,612,Normal,207500
926,RL,NWAmes,Pave,15611,5,6,1977,1126,3,2,6,2,540,Abnorml,175000
927,RL,NridgHt,Pave,11999,8,5,2003,2374,4,2,10,3,656,Normal,285000
928,RL,NWAmes,Pave,9900,7,5,1968,1978,4,2,9,2,486,Normal,176000
929,RL,CollgCr,Pave,11838,8,5,2001,1788,3,2,7,2,522,Normal,236500
930,RL,Gilbert,Pave,13006,7,5,1997,2236,4,2,8,2,642,Normal,222000
931,RL,Timber,Pave,8925,8,5,2007,1466,3,2,7,3,610,Normal,201000
932,RL,NAmes,Pave,9100,5,6,1965,925,2,1,5,1,429,Normal,117500
934,RL,CollgCr,Pave,8487,7,5,2004,1500,3,2,6,2,570,Normal,190000
936,RL,BrkSide,Pave,5825,4,5,1926,747,1,1,5,2,528,Normal,79900
937,RL,SawyerW,Pave,10083,7,5,2003,1200,2,2,5,2,555,Normal,184900
938,RL,Somerst,Pave,9675,7,5,2005,1971,3,2,8,2,689,Normal,253000
939,RL,CollgCr,Pave,8760,7,5,2006,1962,3,2,7,3,868,Partial,239799
941,RL,Mitchel,Pave,12640,6,5,1976,1728,4,2,8,2,574,Normal,150900
942,RL,Gilbert,Pave,8755,7,5,1999,2060,3,2,8,2,390,Normal,214000
943,RL,Edwards,Pave,7711,4,3,1977,1440,4,2,8,0,0,Abnorml,150000
945,RL,Timber,Pave,14375,6,6,1958,1344,3,1,7,2,525,Abnorml,137500
946,RM,OldTown,Pave,8820,5,6,1890,1869,2,1,7,2,456,Normal,124900
947,RL,NAmes,Pave,8163,5,6,1959,1144,3,1,6,1,796,Normal,143000
948,RL,Timber,Pave,14536,8,5,2002,1629,3,2,9,3,808,Normal,270000
949,RL,CollgCr,Pave,14006,7,5,2002,1776,3,2,7,2,474,Normal,192500
950,RL,NWAmes,Pave,9360,6,7,1972,1381,3,1,5,2,676,Normal,197500
951,RL,NAmes,Pave,7200,5,8,1950,864,3,1,5,2,720,Normal,129000
952,RH,SawyerW,Pave,7800,5,5,1965,965,3,1,6,1,300,Abnorml,119900
953,RL,CollgCr,Pave,7200,5,8,1972,768,2,1,5,1,396,Normal,133900
954,RL,Mitchel,Pave,11075,5,4,1969,1968,4,2,7,2,530,Normal,172000
955,RL,Edwards,Pave,9400,6,5,1975,980,4,2,4,0,0,AdjLand,127500
956,RH,Crawfor,Pave,7136,6,6,1946,1958,4,2,8,2,492,Normal,145000
958,RL,Sawyer,Pave,7420,5,5,1962,1057,3,1,6,2,576,Normal,132000
959,RL,CollgCr,Pave,8450,7,5,2003,1337,3,2,6,2,531,Normal,185000
960,FV,Somerst,Pave,2572,7,5,1999,1416,3,2,6,2,484,Normal,155000
961,RL,BrkSide,Pave,7207,5,7,1958,858,2,1,4,0,0,Normal,116500
963,RL,NPkVill,Pave,2308,6,6,1976,1548,3,2,7,2,440,Normal,155000
964,RL,CollgCr,Pave,11923,9,5,2007,1800,2,2,7,2,702,Normal,239000
965,RL,Timber,Pave,11316,7,5,2002,1894,4,2,8,2,510,Normal,214900
966,RL,Gilbert,Pave,10237,6,5,2005,1484,3,2,8,2,393,Partial,178900
967,RL,Crawfor,Pave,9600,5,7,1940,1308,2,1,7,1,256,Normal,160000
968,RL,NAmes,Pave,7390,5,7,1955,1098,3,1,6,1,260,Normal,135000
969,RM,OldTown,Pave,5925,3,6,1910,968,2,1,6,0,0,Abnorml,37900
970,RL,NAmes,Pave,10382,6,5,1958,1095,2,1,6,1,264,Normal,140000
971,RL,NAmes,Pave,10800,4,4,1949,1192,4,1,6,0,0,Abnorml,135000
972,RL,NridgHt,Pave,2268,7,5,2003,1626,2,2,6,2,474,Normal,173000
973,RL,SawyerW,Pave,7892,6,5,1979,918,2,2,5,1,264,Normal,99500
974,FV,Somerst,Pave,11639,7,5,2007,1428,3,2,6,2,480,Partial,182000
975,RL,BrkSide,Pave,11414,7,8,1910,2019,3,1,8,2,532,Normal,167500
976,FV,Somerst,Pave,2651,7,5,2000,1382,3,2,6,2,490,Normal,165000
977,RL,BrkSide,Pave,5900,4,7,1923,869,2,1,4,0,0,Normal,85500
978,FV,Somerst,Pave,4274,7,5,2006,1241,1,1,4,2,569,Partial,199900
979,RL,Edwards,Pave,9450,4,5,1954,894,3,1,5,2,400,Abnorml,110000
980,RL,Sawyer,Pave,8816,5,6,1963,1121,3,1,5,2,480,Normal,139000
981,RL,NAmes,Pave,12122,7,9,1961,999,3,1,6,2,588,Normal,178400
983,RL,Blmngtn,Pave,3182,7,5,2007,1266,2,2,6,2,388,Normal,159895
984,RL,CollgCr,Pave,11250,8,5,2002,2290,4,2,9,2,779,Normal,255900
985,RL,Mitchel,Pave,10125,5,5,1977,1734,4,2,8,2,539,Normal,126000
986,RL,Edwards,Pave,10880,5,5,1950,1164,3,1,5,1,240,Normal,125000
987,RM,OldTown,Pave,5310,6,8,1910,1635,2,1,5,1,255,Normal,117000
989,RL,NWAmes,Pave,12046,6,6,1976,2030,4,2,8,2,551,Normal,195000
990,FV,Somerst,Pave,8125,7,5,2006,1576,3,2,6,2,614,Partial,197000
993,RL,NAmes,Pave,9760,6,8,1964,1851,3,2,7,2,440,Normal,187000
994,RL,CollgCr,Pave,8846,6,5,2005,1500,3,2,6,2,564,Partial,173900
996,RL,BrkSide,Pave,4712,4,7,1946,1230,3,1,5,1,305,Abnorml,121600
997,RL,NAmes,Pave,10659,5,6,1961,1050,3,1,6,1,368,Normal,136500
998,RL,NWAmes,Pave,11717,6,6,1970,1442,2,2,6,2,615,Normal,185000
999,RM,IDOTRR,Pave,9786,3,4,1922,1077,3,1,6,1,210,Normal,91000
1000,RL,CollgCr,Pave,6762,7,5,2006,1208,2,2,6,2,632,Normal,206000
1001,RL,Edwards,Pave,10206,3,3,1952,944,2,1,4,2,528,Normal,82000
1002,RL,OldTown,Pave,5400,5,6,1920,691,2,1,4,1,216,Abnorml,86000
1003,RL,Somerst,Pave,11957,8,5,2006,1574,3,2,7,3,824,Normal,232000
1004,RL,NWAmes,Pave,11500,5,6,1976,1680,4,2,8,2,528,Normal,136905
1005,RL,Blmngtn,Pave,3182,7,5,2005,1504,1,2,7,2,457,Normal,181000
1006,RL,CollgCr,Pave,8385,5,8,1977,985,3,2,6,1,328,Normal,149900
1007,RL,NAmes,Pave,12155,6,3,1970,1657,3,2,7,2,484,Normal,163500
1008,RM,MeadowV,Pave,2217,4,4,1970,1092,3,1,6,1,286,Normal,88000
1009,RL,Mitchel,Pave,12118,7,5,2004,1710,3,2,7,2,550,Normal,240000
1010,RL,SWISU,Pave,6000,5,5,1926,1522,4,2,7,0,0,Normal,102000
1012,RL,Edwards,Pave,9825,5,5,1965,1664,4,2,8,0,0,Normal,100000
1013,RL,Crawfor,Pave,10592,6,7,1923,1502,3,1,7,1,180,Normal,165000
1014,RM,OldTown,Pave,7200,5,4,1910,1022,2,1,4,1,280,Normal,85000
1015,RL,NAmes,Pave,11664,6,5,1948,1082,2,1,5,1,240,Normal,119200
1016,RL,NWAmes,Pave,8400,8,6,2001,1665,3,2,6,2,528,Normal,227000
1017,RL,CollgCr,Pave,11883,7,5,1996,1504,3,2,6,2,478,Normal,203000
1018,RL,StoneBr,Pave,5814,8,5,1984,1360,1,1,4,2,565,Abnorml,187500
1019,RL,Gilbert,Pave,10784,7,5,1991,1472,3,2,7,2,402,Normal,160000
1020,RL,Blmngtn,Pave,3013,7,5,2005,1506,2,2,6,2,440,Normal,213490
1021,RL,Edwards,Pave,7024,4,5,2005,1132,2,1,5,2,451,Normal,176000
1022,RL,CollgCr,Pave,7406,7,5,2006,1220,2,2,6,2,632,Partial,194000
1023,RM,OldTown,Pave,9439,5,5,1930,1248,2,1,6,1,160,Normal,87000
1024,RL,Blmngtn,Pave,3182,7,5,2005,1504,2,2,7,2,437,Normal,191000
1026,RL,CollgCr,Pave,7700,5,5,1972,882,3,1,5,2,461,Normal,112500
1027,RL,NAmes,Pave,9300,5,5,1960,1264,3,1,6,2,461,Normal,167500
1028,RL,Timber,Pave,9520,8,5,2007,1646,3,2,7,3,800,Partial,293077
1029,RL,NAmes,Pave,9492,5,5,1941,1376,3,1,6,1,240,Normal,105000
1030,RM,BrDale,Pave,1680,6,7,1972,1218,3,1,7,1,264,Normal,118000
1031,RH,SWISU,Pave,7082,5,8,1916,1928,5,2,10,0,0,Normal,160000
1033,RL,NoRidge,Pave,14541,8,7,1993,2520,5,2,10,3,796,Abnorml,310000
1034,RL,CollgCr,Pave,8125,7,5,2002,1654,3,2,6,3,900,Normal,230000
1035,RL,Crawfor,Pave,6305,5,7,1938,954,2,1,5,1,240,Normal,119750
1036,RL,Edwards,Pave,11500,4,3,1957,845,3,1,5,1,290,Normal,84000
1037,RL,Timber,Pave,12898,9,5,2007,1620,2,2,6,3,912,Normal,315500
1038,RL,CollgCr,Pave,9240,8,5,2001,2263,3,2,7,2,905,Normal,287000
1039,RM,MeadowV,Pave,1533,4,6,1970,1344,3,1,6,0,0,Normal,97000
1041,RL,Sawyer,Pave,13125,5,4,1957,1803,3,2,8,2,484,Normal,155000
1042,RL,NWAmes,Pave,9130,6,8,1966,1632,4,1,7,2,484,Normal,173000
1043,RL,NridgHt,Pave,5381,6,5,2005,1306,1,2,5,2,624,Normal,196000
1044,RL,SawyerW,Pave,11839,7,5,1990,2329,4,2,10,2,514,Normal,262280
1045,RL,NWAmes,Pave,9600,8,5,1981,2524,4,2,9,2,542,Normal,278000
1046,RL,Edwards,Pave,13680,3,5,1955,1733,4,2,8,2,452,Normal,139600
1048,RL,CollgCr,Pave,9245,5,5,1994,990,3,1,5,2,672,Normal,145000
1050,RL,Edwards,Pave,11100,4,7,1946,930,2,1,6,1,308,Abnorml,84900
1051,RL,Gilbert,Pave,8993,7,5,2007,1302,3,2,6,2,436,Partial,176485
1052,RL,CollgCr,Pave,11175,7,5,2007,1316,3,2,6,2,440,Partial,200141
1053,RL,NAmes,Pave,9500,6,6,1964,1977,4,1,9,2,540,Normal,165000
1054,RL,Edwards,Pave,8562,5,6,1957,1526,4,1,7,1,364,Normal,144500
1055,RL,CollgCr,Pave,11367,8,5,2002,1989,3,2,7,2,586,Normal,255000
1056,RL,NWAmes,Pave,11361,6,5,1976,1523,3,2,7,2,478,Abnorml,180000
1057,RL,NridgHt,Pave,7052,7,5,2005,1364,2,2,6,2,484,Normal,185850
1060,RL,Crawfor,Pave,11275,6,7,1932,1991,3,1,7,2,432,Normal,220000
1061,RL,StoneBr,Pave,4920,8,5,2001,1338,2,2,6,2,582,Normal,213500
1063,RM,OldTown,Pave,13600,5,5,1900,2337,5,2,10,2,560,Normal,90000
1064,RM,OldTown,Pave,6000,6,6,1925,1103,2,1,5,2,440,Normal,110500
1065,RL,NAmes,Pave,11000,5,6,1966,1154,3,1,6,2,480,Normal,154000
1067,RL,Gilbert,Pave,7837,6,7,1993,1571,3,2,7,2,380,Normal,178000
1068,RL,NAmes,Pave,9760,6,6,1964,1611,4,1,7,2,442,Normal,167900
1069,RM,MeadowV,Pave,3964,6,4,1973,2521,5,2,10,2,576,Normal,151400
1070,RL,NAmes,Pave,9600,5,7,1949,893,2,1,4,2,576,Normal,135000
1071,RL,NAmes,Pave,10152,5,5,1956,1048,3,1,6,1,286,Normal,135000
1072,RL,NWAmes,Pave,11700,6,6,1968,1556,4,1,8,2,441,Normal,154000
1073,RL,Edwards,Pave,7585,5,3,1948,1456,4,1,7,1,280,Normal,91500
1074,RL,Edwards,Pave,7950,6,6,1977,1426,3,1,6,2,440,Normal,159500
1075,RL,CollgCr,Pave,8556,7,5,2006,1240,2,2,5,3,826,Normal,194000
1076,RL,Crawfor,Pave,13125,7,6,1940,1740,3,1,6,1,240,Normal,219500
1077,RL,OldTown,Pave,10800,5,8,1936,1466,3,2,7,2,566,Normal,170000
1078,RL,NAmes,Pave,15870,5,5,1969,1096,3,1,6,1,299,Abnorml,138800
1079,RM,CollgCr,Pave,4435,6,5,2004,848,1,1,3,2,420,Normal,155900
1080,RL,CollgCr,Pave,8775,5,5,1994,990,3,1,5,1,299,Normal,126000
1081,RL,NWAmes,Pave,11040,6,7,1971,1258,3,2,5,2,528,Abnorml,145000
1082,RL,Sawyer,Pave,7500,5,5,1963,1040,3,1,5,1,308,Normal,133000
1083,RL,CollgCr,Pave,8749,7,5,2002,1459,3,2,6,2,527,Normal,192000
1084,RL,NAmes,Pave,8800,6,6,1964,1251,3,1,6,1,461,Normal,160000
1085,RL,Gilbert,Pave,13031,6,5,1995,1498,3,2,6,2,409,Normal,187500
1086,RL,SawyerW,Pave,9069,6,6,1992,996,2,1,5,2,564,Normal,147000
1087,RM,MeadowV,Pave,1974,4,5,1973,1092,3,1,6,1,286,Normal,83500
1089,RM,Edwards,Pave,2522,7,5,2004,1709,3,2,7,2,380,Normal,137500
1090,FV,Somerst,Pave,3316,8,5,2005,1247,1,1,4,2,550,Normal,197000
1091,RL,NAmes,Pave,8544,3,4,1950,1040,2,2,6,2,400,Normal,92900
1092,FV,Somerst,Pave,2160,7,5,1999,1252,2,2,4,2,462,Normal,160000
1093,RL,SWISU,Pave,8400,6,5,1925,1694,4,2,7,2,576,Normal,136500
1094,RL,NAmes,Pave,9230,5,8,1965,1200,1,1,6,2,884,Normal,146000
1095,RL,NAmes,Pave,5868,5,7,1956,936,2,1,4,1,308,Normal,129000
1096,RL,CollgCr,Pave,9317,6,5,2006,1314,3,2,6,2,440,Normal,176432
1097,RM,IDOTRR,Pave,6882,6,7,1914,1355,3,1,7,0,0,Normal,127000
1098,RL,StoneBr,Pave,3696,8,5,1986,1088,2,1,5,2,461,Normal,170000
1099,RM,BrkSide,Pave,6000,4,6,1936,1324,3,1,6,1,240,Normal,128000
1100,RL,NWAmes,Pave,11880,7,5,1978,1601,3,2,7,2,478,Abnorml,157000
1101,RL,SWISU,Pave,8400,2,5,1920,438,1,1,3,1,246,Normal,60000
1102,RL,NAmes,Pave,9758,5,5,1971,950,3,1,5,1,280,Normal,119500
1103,RL,NAmes,Pave,7000,5,7,1960,1134,2,1,6,1,254,Family,135000
1104,RL,NAmes,Pave,8910,6,6,1959,1194,3,1,6,2,539,Normal,159500
1105,RM,BrDale,Pave,2016,5,5,1970,1302,3,2,6,2,440,Normal,106000
1107,RL,SawyerW,Pave,10357,7,5,1990,1442,3,2,6,2,719,Normal,179900
1109,RL,Gilbert,Pave,8063,6,5,2000,1690,3,2,7,2,463,Abnorml,181000
1110,RL,NridgHt,Pave,11362,8,5,2004,1836,3,2,7,3,862,Normal,280000
1111,RL,Gilbert,Pave,8000,6,5,1995,1658,3,2,8,2,431,Normal,188000
1112,RL,NWAmes,Pave,10480,7,6,1976,1964,4,2,8,2,483,Normal,205000
1113,RL,NAmes,Pave,7100,5,7,1957,816,2,1,5,1,308,Normal,129900
1114,RL,NAmes,Pave,8923,5,7,1953,1008,2,1,6,1,240,Normal,134500
1115,RL,OldTown,Pave,5400,5,7,1954,833,2,1,4,1,326,Normal,117000
1116,RL,NridgHt,Pave,12085,8,5,2007,1734,3,2,7,3,928,Partial,318000
1117,RL,Gilbert,Pave,7750,8,5,2002,1419,3,2,7,2,527,Normal,184100
1118,RL,Sawyer,Pave,9764,5,7,1967,894,3,1,5,2,450,Normal,130000
1119,RL,Sawyer,Pave,13825,5,6,1958,1601,3,1,6,1,300,Normal,140000
1120,RL,NAmes,Pave,7560,5,5,1959,1040,3,1,6,1,286,Normal,133700
1121,RM,IDOTRR,Pave,8263,6,5,1920,1012,2,1,6,1,308,Normal,118400
1122,RL,CollgCr,Pave,10084,7,5,2005,1552,3,2,7,3,782,Partial,212900
1123,RL,Edwards,Pave,8926,4,3,1956,960,3,1,5,1,288,Abnorml,112000
1124,RL,Edwards,Pave,9405,5,9,1947,698,2,1,4,0,0,Normal,118000
1125,RL,Gilbert,Pave,9125,7,5,1992,1482,3,2,7,2,392,Normal,163900
1126,RL,NAmes,Pave,10434,4,5,1955,1005,2,1,5,2,672,Normal,115000
1127,RL,Blmngtn,Pave,3684,7,5,2007,1555,2,2,7,3,660,Normal,174000
1128,RL,Gilbert,Pave,14572,7,5,2004,1530,3,2,7,3,630,Family,259000
1129,RL,Gilbert,Pave,11796,7,5,2004,1959,4,2,8,2,434,Normal,215000
1130,RM,OldTown,Pave,7200,5,5,1980,936,2,1,4,2,672,Normal,140000
1131,RL,SWISU,Pave,7804,4,3,1928,1981,4,2,7,2,576,Normal,135000
1132,RL,Mitchel,Pave,10712,5,5,1991,974,3,1,5,0,0,Abnorml,93500
1134,RL,SawyerW,Pave,9828,8,5,1995,2020,3,2,8,2,466,Normal,239500
1135,RL,Gilbert,Pave,8773,6,5,1997,1600,3,2,7,2,460,Normal,169000
1136,RM,BrkSide,Pave,6180,6,5,1926,986,2,1,5,1,180,Normal,102000
1137,RL,NAmes,Pave,9600,6,5,1950,1252,3,1,6,1,288,Abnorml,119000
1139,RL,Mitchel,Pave,9819,6,5,1977,1567,2,2,5,2,714,Normal,196000
1140,RL,BrkSide,Pave,8731,5,5,1920,1167,3,1,6,2,495,Normal,144000
1141,RL,NAmes,Pave,7350,5,7,1951,952,2,1,4,2,840,Abnorml,139000
1142,RL,NWAmes,Pave,10304,5,7,1976,1868,4,2,9,2,484,Normal,197500
1144,RL,Sawyer,Pave,9000,5,3,1959,1006,3,1,5,0,0,Normal,80000
1145,RL,Edwards,Pave,12180,4,4,1941,924,2,1,5,1,280,Normal,80000
1146,RM,BrkSide,Pave,6240,5,6,1928,1576,3,1,8,1,225,Family,149000
1147,RL,SawyerW,Pave,11200,6,5,1985,1298,3,2,5,2,403,Normal,180000
1148,RL,Crawfor,Pave,12000,7,7,1941,1564,3,1,7,1,234,Normal,174500
1149,RM,OldTown,Pave,5700,7,7,1926,1111,2,1,5,1,288,Normal,116900
1150,RM,OldTown,Pave,9000,7,9,1920,1482,3,1,7,2,324,Normal,143000
1151,RL,NAmes,Pave,8280,6,5,1950,932,2,1,4,1,306,Normal,124000
1153,RL,Crawfor,Pave,14115,6,7,1956,1811,2,1,6,2,470,Abnorml,230000
1154,RM,IDOTRR,Pave,5890,6,8,1930,816,2,1,5,1,432,Normal,120500
1155,RL,NAmes,Pave,13700,7,6,1965,1820,4,1,8,2,492,Normal,201800
1156,RL,Veenker,Pave,10768,5,8,1976,1437,3,2,6,2,528,Normal,218000
1157,RL,NAmes,Pave,9350,5,8,1965,1265,3,2,6,2,502,Normal,179900
1158,RL,NridgHt,Pave,5001,7,5,2007,1314,2,2,6,2,626,Normal,230000
1159,RL,Somerst,Pave,11932,8,5,2007,1580,3,2,7,3,830,Partial,235128
1160,RL,NWAmes,Pave,9120,6,6,1974,1876,4,2,8,2,540,Normal,185000
1161,RL,NPkVill,Pave,2280,6,5,1978,1456,3,2,7,2,440,Normal,146000
1162,RL,Crawfor,Pave,14778,6,7,1954,1640,3,1,7,2,924,Normal,224000
1163,RL,Sawyer,Pave,8724,5,5,1968,894,3,1,5,2,450,Normal,129000
1164,RL,Sawyer,Pave,12900,4,4,1969,1258,0,0,6,2,400,Alloca,108959
1165,RL,Veenker,Pave,16157,5,7,1978,1432,2,1,5,2,588,Normal,194000
1166,RL,NridgHt,Pave,9541,7,5,2009,1502,3,2,7,2,644,Partial,233170
1167,RL,CollgCr,Pave,10475,8,5,2008,1694,3,2,7,3,776,Normal,245350
1168,RL,Gilbert,Pave,10852,6,5,2000,1671,3,2,7,2,472,Normal,173000
1169,RL,Edwards,Pave,13728,6,7,1935,2108,4,2,7,2,540,Normal,235000
1171,RL,Mitchel,Pave,9880,6,6,1977,1118,3,1,6,1,358,Normal,171000
1172,RL,NAmes,Pave,9120,6,6,1958,1261,3,1,6,2,433,Normal,163000
1173,FV,Somerst,Pave,4017,7,5,2006,1250,2,2,5,2,625,Normal,171900
1175,RL,Crawfor,Pave,16560,6,8,1932,2345,4,2,9,2,360,Normal,239000
1177,RL,Mitchel,Pave,6951,5,5,1984,923,3,1,5,1,264,Normal,119500
1178,RM,OldTown,Pave,3950,6,8,1926,1224,3,1,5,1,210,Normal,115000
1179,RL,Crawfor,Pave,7681,5,6,1921,1343,3,1,7,1,186,Normal,154900
1180,RL,Edwards,Pave,8335,5,5,1954,1124,3,1,5,0,0,Normal,93000
1181,RL,Timber,Pave,11170,7,5,1990,2514,4,2,8,2,693,Normal,250000
1184,RL,OldTown,Pave,10800,5,6,1920,1130,2,1,5,2,720,Normal,120000
1186,RL,Edwards,Pave,9738,5,7,1924,1221,4,1,7,1,392,Normal,104900
1187,RL,OldTown,Pave,10615,3,5,1900,1699,3,2,7,2,420,Abnorml,95000
1188,RL,NoRidge,Pave,12461,8,5,1994,1624,2,2,5,3,757,Normal,262000
1189,RL,CollgCr,Pave,8935,7,5,2002,1660,3,2,7,2,493,Normal,195000
1190,RL,Gilbert,Pave,7500,7,5,1999,1804,3,2,7,2,442,Normal,189000
1192,FV,Somerst,Pave,2645,8,5,1999,1441,2,2,5,2,492,Normal,174000
1193,RM,OldTown,Pave,9600,5,8,1925,1472,3,1,6,1,250,Normal,125000
1194,RM,Mitchel,Pave,4500,6,5,1999,1224,2,2,5,2,402,Normal,165000
1195,RL,Sawyer,Pave,9364,6,7,1969,1352,4,1,7,1,299,Normal,158000
1196,RL,Gilbert,Pave,8029,6,5,2005,1456,3,2,8,2,400,Normal,176000
1197,RL,Gilbert,Pave,14054,7,5,2006,1863,4,2,9,3,660,Partial,219210
1198,RM,OldTown,Pave,8850,7,6,1916,1690,3,1,7,1,225,Normal,144000
1199,RL,CollgCr,Pave,9100,7,5,2001,1212,3,2,6,2,573,Normal,178000
1200,RL,Sawyer,Pave,11235,4,5,1963,1382,3,1,6,2,459,Normal,148000
1201,RL,NAmes,Pave,9353,4,5,1970,864,3,1,5,1,280,Abnorml,116050
1202,RL,CollgCr,Pave,10400,7,5,1998,1779,3,2,6,2,546,Normal,197900
1203,RM,BrkSide,Pave,6000,5,8,1925,1348,3,1,5,1,216,Normal,117000
1204,RL,CollgCr,Pave,9750,7,5,2000,1630,3,2,6,2,451,Normal,213000
1205,RL,NWAmes,Pave,10140,5,6,1975,1074,3,1,6,2,495,Normal,153500
1206,RL,SawyerW,Pave,14684,7,7,1990,2196,3,2,7,3,701,Normal,271900
1207,RH,SawyerW,Pave,8900,4,4,1966,1056,2,1,5,1,384,Normal,107000
1208,RL,CollgCr,Pave,9135,6,5,2003,1700,3,2,7,2,544,Normal,200000
1209,RL,NAmes,Pave,7763,5,7,1962,1283,3,1,6,2,506,Normal,140000
1210,RL,Somerst,Pave,10182,8,5,2006,1660,3,2,8,2,500,Partial,290000
1211,RL,SawyerW,Pave,11218,6,5,1992,1845,3,2,8,2,462,Normal,189000
1212,RL,Gilbert,Pave,12134,8,7,1988,1752,4,2,8,2,492,Normal,164000
1213,RL,Edwards,Pave,9340,4,6,1941,672,2,1,4,1,234,Normal,113000
1214,RL,Sawyer,Pave,10246,4,9,1965,960,0,0,3,1,364,Normal,145000
1215,RL,NAmes,Pave,10205,5,5,1962,999,3,1,6,1,300,Normal,134500
1216,RL,Sawyer,Pave,7094,5,5,1966,894,3,1,5,1,384,Normal,125000
1217,RM,Sawyer,Pave,8930,6,5,1978,1902,4,2,8,2,539,Normal,112000
1218,FV,Somerst,Pave,8640,8,5,2009,1314,3,2,6,2,552,Partial,229456
1219,RM,BrkSide,Pave,6240,4,5,1947,912,2,1,3,0,0,Normal,80500
1220,RM,BrDale,Pave,1680,6,5,1971,1218,3,1,7,0,0,Abnorml,91500
1221,RL,NAmes,Pave,7800,5,5,1964,912,2,1,5,1,288,Abnorml,115000
1222,RL,Sawyer,Pave,8250,5,5,1968,1211,3,1,5,1,322,Normal,134000
1223,RL,NAmes,Pave,10496,6,6,1949,1846,3,2,7,1,315,Normal,143000
1224,RL,NAmes,Pave,10680,5,3,1951,2136,4,2,7,2,528,Normal,137900
1225,RL,Gilbert,Pave,15384,7,5,2004,1490,3,2,8,2,388,Normal,184000
1226,RL,NAmes,Pave,10482,6,8,1958,1138,3,1,6,1,264,Normal,145000
1227,RL,Somerst,Pave,14598,6,5,2007,1933,4,2,9,3,668,Normal,214000
1228,RL,NAmes,Pave,8872,5,8,1965,912,2,1,5,2,576,Normal,147000
1230,RL,NAmes,Pave,7910,5,5,1960,1507,4,2,7,1,404,Normal,127000
1232,RL,NAmes,Pave,7728,5,6,1962,1190,3,1,6,2,540,Normal,132500
1233,RL,NAmes,Pave,9842,4,5,1962,1224,2,2,6,2,462,Normal,101800
1234,RL,NAmes,Pave,12160,5,5,1959,1188,3,1,6,2,531,Abnorml,142000
1235,RH,SWISU,Pave,8525,5,6,1911,1964,4,1,7,0,0,Abnorml,130000
1236,RL,Crawfor,Pave,13132,5,5,1914,1784,4,1,9,1,180,Normal,138887
1237,RL,NridgHt,Pave,2628,7,5,2003,1626,2,2,6,2,474,Normal,175500
1238,RL,CollgCr,Pave,12393,7,5,2004,1948,4,2,8,2,434,Normal,195000
1239,RL,SawyerW,Pave,13072,6,5,2005,1141,3,1,6,2,484,Abnorml,142500
1240,RL,Timber,Pave,9037,8,5,2006,1484,2,2,6,2,472,Normal,265900
1241,RL,CollgCr,Pave,8158,7,5,2003,1768,3,2,8,2,543,Normal,224900
1242,RL,Somerst,Pave,9849,7,6,2007,1689,3,2,7,3,954,Partial,248328
1243,RL,NWAmes,Pave,10625,7,6,1974,1173,3,2,6,2,528,Family,170000
1245,RL,Crawfor,Pave,11435,8,7,1929,1517,3,1,7,2,400,Normal,230000
1246,RL,NWAmes,Pave,12090,6,7,1984,1868,3,3,7,2,477,Abnorml,178000
1247,FV,Somerst,Pave,8125,7,5,2005,1553,3,2,6,2,615,Partial,186500
1248,RL,Mitchel,Pave,12328,6,5,1976,1034,3,1,6,3,888,Normal,169900
1249,RM,OldTown,Pave,9600,6,5,1917,2058,3,1,8,2,396,Normal,129500
1250,RL,NAmes,Pave,7200,5,7,1950,988,3,1,6,1,276,Normal,119000
1251,RL,NAmes,Pave,11160,7,5,1968,2110,3,2,8,2,522,Normal,244000
1252,RL,NridgHt,Pave,3136,7,5,2003,1405,2,2,6,2,478,Normal,171750
1253,RL,Mitchel,Pave,9858,5,6,1968,874,3,1,5,1,288,Normal,130000
1254,RL,Veenker,Pave,17542,7,7,1974,2167,3,2,9,2,518,Normal,294000
1255,RL,Edwards,Pave,6931,7,5,2003,1656,3,2,7,2,397,Normal,165400
1256,RM,BrkSide,Pave,6240,6,6,1931,1367,3,1,6,1,560,Normal,127500
1257,RL,NoRidge,Pave,14303,8,5,1994,1987,2,2,7,2,691,Normal,301500
1258,RL,Edwards,Pave,4060,5,8,1922,864,2,1,4,0,0,Normal,99900
1259,RL,Gilbert,Pave,9587,7,5,2005,1166,2,2,5,2,400,Normal,190000
1260,RL,NAmes,Pave,9750,6,8,1969,1054,3,1,6,2,460,Normal,151000
1262,RL,NAmes,Pave,9600,5,6,1956,1050,2,1,5,1,338,Normal,128900
1263,RL,ClearCr,Pave,11250,4,5,1957,1788,5,1,8,1,304,Normal,161500
1264,RL,BrkSide,Pave,13515,6,6,1919,1824,3,1,8,2,520,Normal,180500
1265,RH,NAmes,Pave,4060,6,5,1998,1337,2,2,5,2,511,Abnorml,181000
1266,FV,Somerst,Pave,3735,7,5,1999,1452,3,2,6,2,506,Normal,183900
1267,RM,OldTown,Pave,10120,7,4,1910,1889,4,1,9,1,308,Normal,122000
1270,RL,NAmes,Pave,11344,5,5,1958,1524,3,1,7,1,315,Normal,144000
1272,RL,NWAmes,Pave,9156,6,7,1968,1489,3,2,7,2,462,Normal,185750
1273,RL,Sawyer,Pave,13526,5,6,1965,935,3,1,5,1,288,Normal,137000
1274,RL,Edwards,Pave,11512,6,7,1959,1357,2,1,5,1,312,Normal,177000
1275,RL,Crawfor,Pave,5362,5,6,1910,1250,3,2,8,2,552,Normal,139000
1276,RL,NAmes,Pave,11345,5,5,1948,1920,4,2,10,2,400,Normal,137000
1277,RL,NWAmes,Pave,12936,6,6,1972,1395,3,1,6,2,497,Normal,162000
1279,RL,CollgCr,Pave,9473,8,5,2002,2031,3,2,7,2,577,Normal,237000
1280,C (all),IDOTRR,Pave,7500,4,4,1920,1128,2,1,6,2,528,Abnorml,68400
1281,RL,CollgCr,Pave,9808,7,5,2002,1573,3,2,6,2,544,Normal,227000
1282,RL,Timber,Pave,8049,7,5,1990,1339,2,2,6,2,484,Normal,180000
1283,RL,CollgCr,Pave,8800,5,7,1977,1040,3,2,5,2,484,Normal,150500
1284,RL,Mitchel,Pave,9400,6,5,1971,1824,4,2,8,0,0,Normal,139000
1285,RL,SWISU,Pave,9638,6,7,1919,2447,4,2,10,1,336,Normal,169000
1286,RM,BrkSide,Pave,6000,6,6,1939,1412,4,1,6,1,280,Normal,132500
1287,RL,NWAmes,Pave,9790,6,5,1963,1328,3,1,6,2,528,Normal,143000
1289,RL,StoneBr,Pave,5664,8,5,2000,1659,2,2,5,2,499,Normal,278000
1290,RL,NridgHt,Pave,11065,8,5,2006,1970,3,2,8,3,753,Partial,281000
1291,RL,NAmes,Pave,14112,5,7,1964,1152,3,1,6,2,484,Normal,180500
1292,RM,BrDale,Pave,1680,5,7,1972,1302,3,2,6,1,264,Normal,119500
1293,RM,OldTown,Pave,6600,5,4,1892,2372,4,2,11,1,432,Normal,107500
1294,RL,NWAmes,Pave,10140,7,5,1976,1664,4,2,8,2,528,Normal,162900
1295,RL,Edwards,Pave,8172,5,7,1955,864,2,1,5,2,572,Normal,115000
1296,RL,NAmes,Pave,8400,5,5,1968,1052,3,1,5,1,288,Normal,138500
1297,RL,NAmes,Pave,8700,5,6,1963,1128,3,2,6,2,525,Normal,155000
1298,RM,Edwards,Pave,3675,6,5,2005,1072,2,2,5,2,525,Partial,140000
1300,RL,NAmes,Pave,7500,5,7,1959,1246,3,1,6,1,305,Normal,154000
1301,RL,Gilbert,Pave,10762,7,5,1999,1983,3,2,9,2,490,Normal,225000
1302,RL,Crawfor,Pave,7500,6,7,1942,1494,3,1,7,1,213,Normal,177500
1303,RL,NoRidge,Pave,10120,8,5,1994,2526,4,2,8,3,844,Normal,290000
1304,RL,Somerst,Pave,8688,7,5,2005,1616,3,2,7,3,834,Normal,232000
1305,RM,Edwards,Pave,3363,7,5,2004,1708,3,2,7,2,380,Normal,130000
1307,RL,NridgHt,Pave,6955,7,5,2005,1368,2,2,6,2,474,Partial,202500
1308,RL,CollgCr,Pave,8072,5,5,1994,990,3,1,5,2,480,Normal,138000
1309,RM,OldTown,Pave,12000,5,7,1948,1122,2,1,6,2,528,Normal,147000
1310,RL,SawyerW,Pave,7153,6,5,1991,1294,3,2,6,2,496,Normal,179200
1312,RL,CollgCr,Pave,8814,7,5,2005,1274,3,2,6,2,508,Partial,203000
1315,RL,Edwards,Pave,8190,4,6,1954,948,3,1,5,1,280,Normal,119000
1316,RL,NAmes,Pave,11075,6,5,1969,2112,4,2,9,2,576,Normal,206900
1317,RL,CollgCr,Pave,10226,8,5,2008,1630,3,2,8,3,860,Normal,295493
1318,FV,Somerst,Pave,4230,7,5,2006,1352,2,2,5,2,466,Partial,208900
1319,RL,CollgCr,Pave,14781,8,5,2001,1787,3,2,7,3,748,Normal,275000
1320,RL,Edwards,Pave,10215,4,5,1954,948,3,1,5,1,248,Normal,111000
1321,RL,NAmes,Pave,8400,6,3,1957,1478,3,1,6,2,442,Normal,156500
1322,RL,BrkSide,Pave,6627,3,6,1949,720,2,1,4,1,287,Normal,72500
1323,RL,NoRidge,Pave,10186,7,5,1992,1923,3,2,8,2,564,Normal,190000
1324,RL,BrkSide,Pave,5330,4,7,1940,708,2,1,5,0,0,Normal,82500
1325,RL,Somerst,Pave,9986,8,5,2006,1795,2,2,7,3,895,Partial,147000
1326,RM,IDOTRR,Pave,3636,4,4,1922,796,2,1,5,0,0,Normal,55000
1327,RH,Edwards,Pave,4270,3,6,1931,774,3,1,6,0,0,Normal,79000
1328,RL,Mitchel,Pave,6600,5,9,1982,816,3,1,5,1,264,Normal,130500
1330,RL,Gilbert,Pave,9084,7,5,1998,1632,3,2,8,2,462,Normal,176500
1331,RL,Somerst,Pave,10000,8,5,2006,1588,3,2,7,3,825,Normal,227000
1332,RL,CollgCr,Pave,10780,5,5,1976,954,3,1,6,2,576,Normal,132500
1333,RL,Edwards,Pave,8877,4,6,1938,816,2,1,3,1,288,Normal,100000
1334,RM,IDOTRR,Pave,7200,5,6,1938,1360,2,1,6,1,297,Normal,125500
1335,RM,BrDale,Pave,2368,5,6,1970,1365,3,1,7,2,440,Normal,125000
1336,RL,NWAmes,Pave,9650,6,5,1977,1334,2,2,6,2,630,Normal,167900
1337,RL,NWAmes,Pave,9246,5,5,1973,1656,4,2,8,2,506,Normal,135000
1338,RM,OldTown,Pave,4118,4,4,1941,693,2,1,4,0,0,Normal,52500
1339,RL,CollgCr,Pave,13450,7,5,2002,1861,3,2,8,2,492,Normal,200000
1340,RL,CollgCr,Pave,9560,5,7,1972,864,3,1,5,1,288,Normal,128500
1341,RL,NAmes,Pave,8294,4,5,1971,872,3,1,5,4,480,Normal,123000
1342,RL,SawyerW,Pave,13695,6,5,2003,1114,3,1,6,2,576,Normal,155000
1343,RL,CollgCr,Pave,9375,8,5,2002,2169,3,2,7,2,647,Normal,228500
1344,RL,Crawfor,Pave,7558,6,6,1928,1913,3,1,9,2,342,Normal,177000
1345,RL,CollgCr,Pave,11103,7,5,2006,1456,3,2,8,2,440,Partial,155835
1346,RM,OldTown,Pave,6000,4,4,1920,960,2,1,5,1,308,Normal,108500
1348,RL,Timber,Pave,15306,8,5,2006,1776,3,2,7,3,712,Partial,283463
1349,RL,SawyerW,Pave,16196,7,5,1998,1494,3,2,5,2,514,Normal,215000
1351,RL,NAmes,Pave,11643,5,5,1969,2634,6,2,12,4,968,Normal,200000
1352,RL,NAmes,Pave,9247,6,6,1962,1716,4,1,8,2,490,Normal,171000
1353,RM,BrkSide,Pave,6000,6,9,1937,1176,2,1,4,2,624,Normal,134900
1355,RL,CollgCr,Pave,10316,7,5,2000,1865,3,2,7,3,839,Normal,235000
1356,RL,NWAmes,Pave,10192,7,6,1968,1920,4,3,8,2,487,Normal,170000
1357,RL,NAmes,Pave,9477,5,5,1966,892,3,1,5,1,264,Normal,110000
1358,RL,NAmes,Pave,12537,5,6,1971,1078,3,1,6,2,500,Normal,149900
1359,FV,Somerst,Pave,2117,6,5,2000,1573,3,2,5,2,440,Normal,177500
1360,RL,NridgHt,Pave,16737,9,5,2004,1980,3,2,8,3,770,Normal,315000
1361,RL,SWISU,Pave,9842,5,6,1921,2601,4,3,8,2,621,Normal,189000
1362,RL,StoneBr,Pave,16158,7,5,2005,1530,3,2,7,2,430,Normal,260000
1363,RL,NAmes,Pave,12513,4,4,1920,1738,4,2,7,1,368,Normal,104900
1364,RL,Gilbert,Pave,8499,6,5,2006,1412,3,2,6,2,432,Partial,156932
1365,FV,Somerst,Pave,3180,7,5,2005,1200,2,2,4,2,480,Abnorml,144152
1366,FV,Somerst,Pave,7500,7,5,2000,1674,3,2,7,2,663,Normal,216000
1367,RL,CollgCr,Pave,9179,7,5,1999,1790,3,2,7,2,588,Abnorml,193000
1368,RM,MeadowV,Pave,2665,5,6,1977,1475,4,2,6,1,336,Normal,127000
1369,RM,CollgCr,Pave,4435,6,5,2003,848,1,1,4,2,420,Normal,144000
1370,RL,CollgCr,Pave,10635,8,5,2003,1668,3,2,8,2,502,Normal,232000
1371,RL,OldTown,Pave,5400,4,6,1920,1374,2,1,6,1,338,Normal,105000
1372,RL,NAmes,Pave,9600,6,6,1955,1661,3,1,8,1,377,Normal,165500
1373,RL,CollgCr,Pave,9750,7,6,1998,2097,3,2,8,2,583,Normal,274300
1375,FV,Somerst,Pave,10625,7,5,2005,1958,3,2,9,3,936,Normal,250000
1376,RL,Timber,Pave,10991,8,5,2007,1571,3,2,7,3,722,Partial,239000
1377,RL,SWISU,Pave,6292,6,5,1930,790,2,1,4,1,160,Normal,91000
1378,RL,Edwards,Pave,10998,5,5,1941,1604,3,2,6,2,660,Normal,117000
1379,RM,BrDale,Pave,1953,6,5,1973,987,2,1,5,1,264,Normal,83000
1380,RL,Timber,Pave,9735,5,5,2006,1394,3,2,7,2,400,Normal,167500
1381,RL,Edwards,Pave,8212,3,3,1914,864,2,1,5,1,200,Normal,58500
1382,RL,NAmes,Pave,12925,6,7,1970,2117,4,2,7,2,550,Normal,237500
1383,RM,OldTown,Pave,7200,7,7,1920,1762,4,1,8,2,576,Normal,157000
1385,RL,Edwards,Pave,9060,6,5,1939,1258,2,1,6,1,280,Normal,105000
1386,RM,IDOTRR,Pave,5436,4,8,1922,1154,3,1,7,1,240,Normal,125500
1388,RM,OldTown,Pave,8520,6,7,1916,2526,5,2,10,1,216,Family,136000
1390,RM,BrkSide,Pave,6000,6,6,1941,1218,3,1,6,2,440,Normal,131000
1391,RL,CollgCr,Pave,9100,7,5,2000,1525,3,2,6,2,541,Normal,235000
1392,RL,NAmes,Pave,8944,5,5,1967,1584,4,2,8,3,792,Normal,124000
1393,RL,NAmes,Pave,7838,5,5,1967,900,3,1,6,1,288,Normal,123000
1394,RM,OldTown,Pave,10800,6,7,1905,1912,3,2,7,2,672,Normal,163000
1395,RL,Blmngtn,Pave,4045,7,5,2006,1500,2,2,6,3,648,Partial,246578
1396,RL,Timber,Pave,12665,8,5,2005,2482,4,2,9,3,642,Normal,281213
1398,RM,BrkSide,Pave,6120,5,8,1920,1513,4,1,8,1,180,Normal,137500
1399,RL,NAmes,Pave,7200,5,4,1950,1904,3,1,7,1,240,Normal,138000
1400,RL,SWISU,Pave,6171,6,6,1925,1608,3,2,7,1,216,Normal,137450
1401,RM,BrkSide,Pave,6000,6,7,1929,1158,3,1,5,1,208,Normal,120000
1402,RL,Gilbert,Pave,7415,6,5,2004,1593,3,2,8,2,398,Normal,193000
1403,RL,CollgCr,Pave,6762,7,5,2006,1294,2,2,6,2,662,Partial,193879
1404,RL,Somerst,Pave,15256,8,5,2007,1464,3,2,6,3,754,Normal,282922
1405,RL,OldTown,Pave,10410,3,4,1915,1214,3,1,6,3,936,Family,105000
1406,RM,Crawfor,Pave,3842,8,5,2004,1646,2,2,5,2,482,Normal,275000
1407,RL,CollgCr,Pave,8445,5,7,1972,768,2,1,5,2,396,Normal,133000
1408,RL,Mitchel,Pave,8780,5,5,1985,833,3,1,5,0,0,Normal,112000
1409,RM,OldTown,Pave,7740,4,7,1910,1363,3,1,6,2,528,Normal,125500
1411,RL,CollgCr,Pave,12420,7,5,2001,1840,3,2,6,2,622,Normal,230000
1412,RL,NAmes,Pave,9600,6,8,1950,1668,3,1,6,1,271,Normal,140000
1413,RL,NAmes,Pave,7200,4,5,1949,1040,2,2,6,2,420,Normal,90000
1414,RL,SawyerW,Pave,10994,8,5,2005,1844,2,2,7,2,620,Abnorml,257000
1415,RL,BrkSide,Pave,13053,6,7,1923,1848,4,1,8,2,370,Normal,207000
1416,RL,Blmngtn,Pave,3635,7,5,2007,1569,1,2,7,3,660,Normal,175900
1417,RM,OldTown,Pave,11340,4,6,1885,2290,4,2,11,2,560,Normal,122500
1419,RL,NAmes,Pave,9204,5,5,1963,1144,3,1,6,1,336,Normal,124000
1420,RL,Crawfor,Pave,16381,6,5,1969,1844,3,2,7,2,540,Normal,223000
1421,RL,NWAmes,Pave,11700,6,6,1968,1416,3,2,7,2,776,Normal,179900
1422,RL,NPkVill,Pave,4043,6,5,1977,1069,2,2,4,2,440,Normal,127500
1423,RM,CollgCr,Pave,4435,6,5,2003,848,1,1,3,2,420,Normal,136500
1425,RL,NAmes,Pave,9503,5,5,1958,1344,2,1,6,1,484,Normal,144000
1426,RL,NAmes,Pave,10721,6,6,1959,1252,3,1,7,2,528,Normal,142000
1427,RL,NoRidge,Pave,10944,7,5,1994,2127,3,2,5,2,525,Normal,271000
1428,RL,NAmes,Pave,10930,5,6,1945,1558,3,1,6,1,288,Normal,140000
1429,RM,OldTown,Pave,7200,5,7,1940,804,2,1,4,1,240,Abnorml,119000
1430,RL,NWAmes,Pave,12546,6,7,1981,1440,3,2,7,2,467,Normal,182900
1432,RL,NPkVill,Pave,4928,6,6,1976,958,2,2,5,2,440,Normal,143750
1433,RL,OldTown,Pave,10800,4,6,1927,968,4,2,5,1,216,Normal,64500
1434,RL,Gilbert,Pave,10261,6,5,2000,1792,3,2,8,2,451,Normal,186500
1435,RL,Mitchel,Pave,17400,5,5,1977,1126,3,2,5,2,484,Normal,160000
1436,RL,NAmes,Pave,8400,6,9,1962,1537,3,1,7,2,462,Abnorml,174000
1437,RL,NAmes,Pave,9000,4,6,1971,864,3,1,5,2,528,Normal,120500
1439,RM,OldTown,Pave,7407,6,7,1957,1236,2,1,6,2,923,Normal,149700
1440,RL,NWAmes,Pave,11584,7,6,1979,1725,3,2,6,2,550,Normal,197000
1441,RL,Crawfor,Pave,11526,6,7,1922,2555,3,2,11,2,672,Normal,191000
1442,RM,CollgCr,Pave,4426,6,5,2004,848,1,1,3,2,420,Normal,149300
1443,FV,Somerst,Pave,11003,10,5,2008,2007,3,2,10,3,812,Normal,310000
1444,RL,BrkSide,Pave,8854,6,6,1916,952,2,1,4,1,192,Normal,121000
1445,RL,CollgCr,Pave,8500,7,5,2004,1422,3,2,7,2,626,Normal,179600
1446,RL,Sawyer,Pave,8400,6,5,1966,913,3,1,6,1,240,Normal,129000
1448,RL,CollgCr,Pave,10000,8,5,1995,2090,3,2,8,2,556,Normal,240000
1449,RL,Edwards,Pave,11767,4,7,1910,1346,2,1,6,1,384,Normal,112000
1450,RM,MeadowV,Pave,1533,5,7,1970,630,1,1,3,0,0,Abnorml,92000
1451,RL,NAmes,Pave,9000,5,5,1974,1792,4,2,8,0,0,Normal,136000
1452,RL,Somerst,Pave,9262,8,5,2008,1578,3,2,7,3,840,Partial,287090
1453,RM,Edwards,Pave,3675,5,5,2005,1072,2,1,5,2,525,Normal,145000
1454,RL,Mitchel,Pave,17217,5,5,2006,1140,3,1,6,0,0,Abnorml,84500
1455,FV,Somerst,Pave,7500,7,5,2004,1221,2,2,6,2,400,Normal,185000
1456,RL,Gilbert,Pave,7917,6,5,1999,1647,3,2,7,2,460,Normal,175000
1457,RL,NWAmes,Pave,13175,6,6,1978,2073,3,2,7,2,500,Normal,210000
1458,RL,Crawfor,Pave,9042,7,9,1941,2340,4,2,9,1,252,Normal,266500
1459,RL,NAmes,Pave,9717,5,6,1950,1078,2,1,5,1,240,Normal,142125
1460,RL,Edwards,Pave,9937,5,6,1965,1256,3,1,6,1,276,Normal,147500
